câu hỏi,đáp án a,đáp án b,đáp án c,đáp án d,đáp án đúng,__nguon
Tuyến giáp nằm ngang mức đốt sống nào?,C2–C4,C5–T1,T1–T3,T3–T5,b,benh-tuyen-giap
Hormon tuyến giáp được tiết ra chủ yếu từ loại tế bào nào?,Tế bào C,Tế bào thần kinh đệm,Tế bào nang,Tế bào lympho,c,benh-tuyen-giap
Tế bào C của tuyến giáp tiết ra:,TSH,T3,Calcitonin,Thyroglobulin,c,benh-tuyen-giap
Chất keo trong lòng nang tuyến giáp bắt màu gì trong nhuộm HE?,Bắt màu base,Bắt màu acid,Không bắt màu,Bắt màu eosin mạnh,b,benh-tuyen-giap
Hormon TSH được tiết ra từ tuyến nào?,Tuyến giáp,Tuyến tùng,Tuyến yên,Tuyến cận giáp,c,benh-tuyen-giap
Bệnh lý nào do không phát triển mầm tuyến giáp?,Phình giáp,Cường giáp,Vô tạo tuyến giáp,Viêm giáp Hashimoto,c,benh-tuyen-giap
Mô giáp lạc chỗ thường gặp nhất ở vị trí nào?,Vùng cổ sau,Vùng nền sọ,Đáy lưỡi,Giữa hai thuỳ giáp,c,benh-tuyen-giap
Tỷ lệ trẻ sơ sinh mắc vô tạo tuyến giáp:,1/1000,1/2000,1/4000,1/10000,c,benh-tuyen-giap
Bọc ống giáp - lưỡi có thể phát hiện ở tuổi nào?,Chỉ ở sơ sinh,Chỉ ở người lớn,Mọi lứa tuổi,Thường ở tuổi dậy thì,c,benh-tuyen-giap
Điều trị dứt điểm bọc ống giáp - lưỡi là:,Uống iod,Dùng kháng sinh,Điều trị nội khoa,Phẫu thuật cắt bỏ,d,benh-tuyen-giap
Phình giáp đơn thuần còn được gọi là:,Viêm giáp tự miễn,Bướu cổ không độc,Cường giáp nhẹ,Nang tuyến giáp,b,benh-tuyen-giap
Thiếu iod là nguyên nhân chủ yếu gây:,Cường giáp,Ung thư giáp,Viêm tuyến giáp,Bướu giáp địa phương,d,benh-tuyen-giap
Biểu hiện chính của phình giáp đơn thuần:,"Sốt cao, đau vùng cổ","Tuyến giáp to, không đau, không rối loạn chức năng",Tuyến giáp teo nhỏ,Tăng hormon T3-T4,b,benh-tuyen-giap
Mô học phình giáp đơn thuần giai đoạn sớm thường thấy:,Thâm nhiễm lympho,"Nang giáp giãn to, lớp tế bào dẹt",Mô đệm xơ hóa nhiều,Biệt hóa gai,b,benh-tuyen-giap
Điều trị phình giáp đơn thuần chủ yếu là:,Phẫu thuật,Iod phóng xạ,Bổ sung iod,Corticoid,c,benh-tuyen-giap
Đặc điểm mô học nào dưới đây KHÔNG phù hợp với phình giáp đơn thuần:,"Nang giáp đồng đều, không dị sản",Lòng nang chứa nhiều keo,Tăng sinh hỗn hợp nang và mô đệm,Hình ảnh vùi nhân điển hình,d,benh-tuyen-giap
Tuyến giáp trong phình giáp đơn thuần nặng sẽ:,Hoàn toàn xơ hóa,Không thay đổi mô học,"Có thể xuất huyết, thoái hóa nang",Luôn luôn hóa ác,c,benh-tuyen-giap
Màu sắc tuyến giáp trong đại thể phình giáp đơn thuần là:,Xám bạc,Vàng nhạt,Nâu đồng đều hoặc loang lổ,Trắng xám,c,benh-tuyen-giap
Dạng mô học phổ biến của phình giáp đơn thuần:,Tăng sản nang,U nhú,Dị sản gai,Hoại tử mỡ,a,benh-tuyen-giap
Nguy cơ lớn nhất trong phình giáp đơn thuần kéo dài:,Viêm tuyến giáp,Áp xe hóa,Ung thư hóa,Tăng huyết áp,c,benh-tuyen-giap
Viêm giáp Hashimoto thường gặp ở:,Nam giới lớn tuổi,Phụ nữ tuổi sinh sản,Trẻ sơ sinh,Người cao tuổi,b,benh-tuyen-giap
Viêm tuyến giáp Hashimoto thuộc loại:,Viêm do vi khuẩn,Viêm không đặc hiệu,Viêm tự miễn,Viêm cấp mủ,c,benh-tuyen-giap
Dấu hiệu mô học đặc trưng nhất của viêm giáp Hashimoto:,Áp xe hóa,Nang vỡ,Thâm nhiễm lympho và tế bào Hurthle,Biệt hóa gai,c,benh-tuyen-giap
Viêm tuyến giáp De Quervain là:,Viêm hạt bán cấp,Viêm do nấm,Viêm xơ hóa,Viêm mạn tính ác tính,a,benh-tuyen-giap
Viêm giáp Riedel có đặc điểm:,Tiết nhiều hormon tuyến giáp,Lan rộng ra các mô lân cận,Có nang lớn chứa dịch,Đáp ứng tốt với iod,b,benh-tuyen-giap
Viêm tuyến giáp cấp thường do:,Lao,Vi khuẩn,Nấm,Virus,b,benh-tuyen-giap
Viêm giáp Hashimoto dễ nhầm với:,U tuyến giáp,Ung thư nhú,Nang keo,Dị sản,b,benh-tuyen-giap
Tế bào Hurthle bắt màu:,Acid mạnh,Base mạnh,Không bắt màu,Màu vàng đặc,a,benh-tuyen-giap
Viêm tuyến giáp bán cấp điển hình có đặc điểm mô học:,U hạt khổng lồ,Thâm nhiễm eosin,Xơ hóa toàn phần,Vùi nhân ác tính,a,benh-tuyen-giap
Dạng viêm tuyến giáp có thể dẫn đến suy giáp vĩnh viễn:,Viêm giáp cấp,Viêm giáp bán cấp,Viêm giáp Hashimoto,Viêm giáp Riedel,c,benh-tuyen-giap
U tuyến giáp lành tính phổ biến nhất là:,U nang,U tuyến nang (follicular adenoma),U nhú,U mỡ,b,benh-tuyen-giap
Mô học u tuyến giáp lành thường có:,Tế bào nhân không điển hình,"Tế bào nang đồng nhất, không xâm lấn vỏ",Dị sản gai rõ,Hoại tử lan rộng,b,benh-tuyen-giap
Đặc điểm phân biệt u tuyến lành với ung thư là:,Kích thước u,Màu sắc mô,Xâm lấn vỏ và mạch máu,Tăng sinh tế bào,c,benh-tuyen-giap
U tuyến giáp lành có thể phát sinh từ:,Tế bào C,Tế bào Hurthle,Tế bào nang,Tế bào lympho,c,benh-tuyen-giap
U tuyến giáp lành điển hình là:,"Đơn ổ, có bao rõ","Nhiều ổ, xâm lấn xung quanh",Không có bao u,Luôn kèm hoại tử,a,benh-tuyen-giap
Dạng đặc biệt của u tuyến giáp lành:,U Hurthle,U gai,U mô đệm,U thần kinh,a,benh-tuyen-giap
Bao u trong u tuyến giáp lành là:,"Mỏng manh, dễ vỡ",Không tồn tại,"Xơ hóa rõ, phân biệt u và mô lành",Hoại tử hóa,c,benh-tuyen-giap
Phát biểu nào đúng về u tuyến nang giáp:,Luôn là ác tính,Thường xâm lấn mạch máu,Không xâm lấn vỏ bao,Gây di căn xa,c,benh-tuyen-giap
Dạng tế bào nào có thể gặp trong u tuyến lành:,Tế bào gai,Tế bào Hurthle,Tế bào dị sản ác,Tế bào lympho tăng sản,b,benh-tuyen-giap
Phân biệt u tuyến nang và carcinoma nang dựa vào:,Độ biệt hóa,Số lượng tế bào,Xâm lấn vỏ và mạch máu,Tăng sinh tuyến,c,benh-tuyen-giap
Ung thư tuyến giáp phổ biến nhất là:,Ung thư tủy,Ung thư nhú,Ung thư nang,Ung thư không biệt hóa,b,benh-tuyen-giap
Ung thư tuyến giáp có tiên lượng tốt nhất:,Ung thư tủy,Ung thư nhú,Ung thư không biệt hóa,Ung thư nang xâm lấn mạnh,b,benh-tuyen-giap
"Thể u nào có nhân giống ""mắt hạt cà""?",Ung thư tủy,Ung thư nang,Ung thư nhú,U tuyến giáp lành,c,benh-tuyen-giap
U tuyến giáp biệt hóa kém nhất:,Ung thư nhú,Ung thư nang,Ung thư tủy,Ung thư không biệt hóa,d,benh-tuyen-giap
Ung thư tủy tuyến giáp phát sinh từ:,Tế bào nang,Tế bào Hurthle,Tế bào C,Tế bào mô đệm,c,benh-tuyen-giap
Marker miễn dịch dương tính trong ung thư tủy:,Thyroglobulin,TTF-1,Calcitonin,CK7,c,benh-tuyen-giap
Di căn hạch cổ thường gặp trong:,Ung thư nang,Ung thư tủy,Ung thư nhú,Ung thư không biệt hóa,c,benh-tuyen-giap
Ung thư giáp liên quan hội chứng MEN 2:,Ung thư nhú,Ung thư nang,Ung thư tủy,Ung thư không biệt hóa,c,benh-tuyen-giap
Tiên lượng xấu nhất trong các loại ung thư tuyến giáp:,Nhú,Nang,Tủy,Không biệt hóa,d,benh-tuyen-giap
Đặc điểm mô học nổi bật của ung thư không biệt hóa:,Cấu trúc nhú điển hình,"Tế bào dị dạng, hoại tử nhiều",Tế bào tiết calcitonin,Biệt hóa giống tuyến,b,benh-tuyen-giap
Nguyên nhân chính gây phù nề trong suy tim sung huyết là gì?,Giảm albumin máu,Tăng áp lực thủy tĩnh,Giảm bạch cầu,Mất nước,b,ton-thuong-roi-loan-tuan-hoan
Phù toàn thân (anasarca) thường liên quan đến tình trạng nào sau đây?,Suy dinh dưỡng,Hội chứng thận hư,Xơ gan,Tất cả các đáp án trên,d,ton-thuong-roi-loan-tuan-hoan
Tắc nghẽn bạch huyết có thể dẫn đến phù nề do:,Tăng áp lực thủy tĩnh,Giảm áp lực thẩm thấu huyết tương,Rối loạn chức năng nội mô,Giảm dẫn lưu dịch gian bào,d,ton-thuong-roi-loan-tuan-hoan
Giữ natri và nước trong cơ thể góp phần gây phù nề bằng cách nào?,Giảm thể tích máu,Giảm áp lực thủy tĩnh,Tăng áp lực thẩm thấu huyết tương,Tăng áp lực thủy tĩnh và giảm áp lực thẩm thấu huyết tương,d,ton-thuong-roi-loan-tuan-hoan
Phù do suy tim sung huyết thường có đặc điểm nào?,Phù khu trú,Phù đối xứng ở chi dưới,Phù không có dấu ấn lõm,Phù ở vùng mặt và mí mắt,b,ton-thuong-roi-loan-tuan-hoan
Sung huyết động xảy ra khi nào?,Giãn nở tiểu động mạch,Giảm dòng máu tĩnh mạch,Thiếu oxy mô,Tắc nghẽn bạch huyết,a,ton-thuong-roi-loan-tuan-hoan
"Trong sung huyết động, mô thường có màu gì?",Đỏ tươi,Xanh tím,Nhợt nhạt,Đen sẫm,a,ton-thuong-roi-loan-tuan-hoan
Sung huyết tĩnh có đặc điểm nào sau đây?,Quá trình chủ động,Do tắc nghẽn hồi lưu tĩnh mạch,Gây giãn nở động mạch,Mô có màu đỏ tươi,b,ton-thuong-roi-loan-tuan-hoan
"""Gan hạt cau"" là hậu quả của?",Sung huyết tĩnh phổi,Sung huyết động,Sung huyết tĩnh gan mạn tính,Tắc nghẽn bạch huyết,c,ton-thuong-roi-loan-tuan-hoan
"Trong sung huyết phổi mạn tính, đặc điểm mô học đặc trưng là?",Xơ hóa mô phổi,"""Tế bào suy tim"" chứa hemosiderin",Giãn nở tiểu động mạch,Huyết khối trong phế nang,b,ton-thuong-roi-loan-tuan-hoan
Tiểu cầu đóng vai trò quan trọng nhất trong giai đoạn nào của quá trình cầm máu?,Cầm máu sơ cấp,Cầm máu thứ cấp,Tiêu fibrin,Tan cục máu đông,a,ton-thuong-roi-loan-tuan-hoan
Yếu tố đông máu nào có vai trò quan trọng trong quá trình hình thành fibrin?,Yếu tố VIII,Yếu tố IX,Yếu tố X,Yếu tố XIII,d,ton-thuong-roi-loan-tuan-hoan
Hemophilia A là do thiếu hụt yếu tố đông máu nào?,Yếu tố VII,Yếu tố VIII,Yếu tố IX,Yếu tố XIII,b,ton-thuong-roi-loan-tuan-hoan
Bệnh Von Willebrand liên quan đến bất thường của?,Tiểu cầu,Fibrinogen,Yếu tố Von Willebrand,Yếu tố X,c,ton-thuong-roi-loan-tuan-hoan
DIC là một tình trạng trong đó?,Hình thành huyết khối lan rộng,Giảm tiêu fibrin,Giảm tạo yếu tố đông máu,Rối loạn chức năng gan,a,ton-thuong-roi-loan-tuan-hoan
Thành phần chính của huyết khối là?,Tiểu cầu và fibrin,Albumin,Hemoglobin,Chất béo,a,ton-thuong-roi-loan-tuan-hoan
Huyết khối tĩnh mạch sâu (DVT) có nguy cơ cao dẫn đến?,Nhồi máu cơ tim,Thuyên tắc phổi,Đột quỵ não,Xuất huyết nội sọ,b,ton-thuong-roi-loan-tuan-hoan
Tình trạng nào sau đây có thể gây ra thuyên tắc khí?,Gãy xương dài,Chấn thương phổi,Phẫu thuật tim hở,Tất cả các đáp án trên,d,ton-thuong-roi-loan-tuan-hoan
"Trong bệnh lý nào sau đây, thuyên tắc mỡ thường gặp nhất?",Viêm tụy cấp,Nhồi máu phổi,Gãy xương dài,Nhồi máu não,c,ton-thuong-roi-loan-tuan-hoan
Thuyên tắc nước ối xảy ra trong?,Chấn thương sọ não,Thai kỳ,Viêm phổi,Phẫu thuật ruột,b,ton-thuong-roi-loan-tuan-hoan
Nguyên nhân phổ biến nhất của sốc nhiễm trùng là?,Vi khuẩn Gram dương,Vi khuẩn Gram âm,Nấm,Virus,a,ton-thuong-roi-loan-tuan-hoan
Giai đoạn nào của sốc có thể hồi phục hoàn toàn nếu được điều trị?,Giai đoạn không tiến triển,Giai đoạn tiến triển,Giai đoạn không thể hồi phục,Không giai đoạn nào,a,ton-thuong-roi-loan-tuan-hoan
"Trong sốc nhiễm trùng, yếu tố nào góp phần gây giãn mạch?",TNF-α và IL-1,Hemoglobin,Yếu tố VIII,Haptoglobin,a,ton-thuong-roi-loan-tuan-hoan
Cơ quan nào dễ bị tổn thương nhất trong sốc?,Gan,Thận,Não,Tất cả các đáp án trên,d,ton-thuong-roi-loan-tuan-hoan
Nguyên nhân phổ biến nhất gây nhồi máu cơ tim là?,Huyết khối động mạch vành,Thuyên tắc phổi,Hạ huyết áp,Bệnh viêm cơ tim,a,ton-thuong-roi-loan-tuan-hoan
Nhồi máu trắng thường gặp ở cơ quan nào sau đây?,Phổi,Ruột,Thận,Cơ vân,c,ton-thuong-roi-loan-tuan-hoan
Nhồi máu đỏ thường xảy ra khi nào?,Ở mô có tuần hoàn kép,Ở mô thiếu oxy hoàn toàn,Khi huyết áp giảm,Trong tình trạng tăng đông máu,a,ton-thuong-roi-loan-tuan-hoan
Xét nghiệm nào thường được sử dụng để đánh giá nguy cơ huyết khối?,D-dimer,CRP (C-reactive protein),Hemoglobin,Bilirubin,a,ton-thuong-roi-loan-tuan-hoan
"Trong điều trị DIC, mục tiêu quan trọng nhất là?",Truyền tiểu cầu ngay lập tức,Điều trị nguyên nhân gây DIC,Giảm sản xuất fibrinogen,Kích hoạt đông máu thêm,b,ton-thuong-roi-loan-tuan-hoan
"Trong bệnh lý huyết khối, thuốc nào thường được sử dụng để dự phòng và điều trị?",Aspirin,Heparin,Warfarin,Tất cả các đáp án trên,d,ton-thuong-roi-loan-tuan-hoan
"Trong thời kỳ tiền sử,nguyên nhân gây bệnh thường được gán cho:",Vi khuẩn,Sự trừng phạt của các vị thần,Di truyền học,Môi trường ô nhiễm,b,gioi-thieu-mon-gpb
Thần y học được tôn thờ ở Hy Lạp là:,Apollo,Zeus,Asclepius,Hermes,c,gioi-thieu-mon-gpb
Hippocrates cho rằng bệnh tật là do:,Tế bào đột biến,Sự mất cân bằng của bốn dịch trong cơ thể,Nhiễm khuẩn từ môi trường,Sự thay đổi của DNA,b,gioi-thieu-mon-gpb
Ai là người được coi là cha đẻ của giải phẫu học?,Galen,Andreas Vesalius,Hippocrates,Avicenna,b,gioi-thieu-mon-gpb
Antonie van Leeuwenhoek có đóng góp quan trọng gì trong bệnh học?,Mô tả cấu trúc DNA,Phát minh ra kính hiển vi,Xây dựng lý thuyết vi sinh,Phát triển PCR,b,gioi-thieu-mon-gpb
Mối liên hệ giữa triệu chứng lâm sàng và tổn thương tử thi lần đầu tiên được nghiên cứu bởi:,Rudolf Virchow,Giovanni Battista Morgagni,Louis Pasteur,Antonie van Leeuwenhoek,b,gioi-thieu-mon-gpb
Người đặt nền móng cho bệnh học tế bào là:,Rudolf Virchow,Louis Pasteur,Paul Ehrlich,Joseph Lister,a,gioi-thieu-mon-gpb
"Giả thuyết ""tất cả tế bào đều phát sinh từ tế bào trước đó"" được đề xuất bởi:",Rudolf Virchow,Gregor Mendel,Charles Darwin,Joseph Lister,a,gioi-thieu-mon-gpb
Công trình nghiên cứu nào của Louis Pasteur đã góp phần vào sự phát triển của bệnh học?,Thuyết vi sinh vật,Phát minh kính hiển vi,Giải mã cấu trúc DNA,Tạo ra phương pháp nhuộm tế bào,a,gioi-thieu-mon-gpb
Công nghệ nào đã mở ra kỷ nguyên bệnh học phân tử?,Kính hiển vi điện tử,Phản ứng chuỗi polymerase (PCR),Nhuộm H&E,Xét nghiệm miễn dịch,b,gioi-thieu-mon-gpb
Kỹ thuật nào giúp xác định đột biến gen liên quan đến ung thư?,PCR,FISH,Hóa mô miễn dịch,Cả A và B,d,gioi-thieu-mon-gpb
Bệnh học đại cương nghiên cứu:,Cơ chế bệnh chung,Từng hệ cơ quan riêng biệt,Bệnh di truyền,Bệnh nhiễm trùng,a,gioi-thieu-mon-gpb
Bệnh học hệ thống tập trung vào:,Cấu trúc mô bệnh,Mối liên hệ giữa bệnh và cơ quan,Miễn dịch học,Vi khuẩn học,b,gioi-thieu-mon-gpb
Bệnh học mô học có vai trò quan trọng nhất trong chẩn đoán:,Bệnh viêm,Bệnh ung thư,Bệnh di truyền,Bệnh nhiễm trùng,b,gioi-thieu-mon-gpb
Xét nghiệm tế bào học nào được dùng rộng rãi để phát hiện ung thư cổ tử cung?,FNAC,Xét nghiệm Pap,Hóa mô miễn dịch,PCR,b,gioi-thieu-mon-gpb
Bệnh học pháp y chủ yếu liên quan đến:,Xác định nguyên nhân tử vong,Chẩn đoán ung thư,Nghiên cứu mô học,Nghiên cứu huyết học,a,gioi-thieu-mon-gpb
Bệnh nào sau đây thuộc bệnh học huyết học?,Bệnh bạch cầu,Bệnh tim mạch,Bệnh phổi,Bệnh thận,a,gioi-thieu-mon-gpb
Bệnh học hóa học tập trung vào phân tích:,Dịch cơ thể,Mô bệnh học,Cấu trúc DNA,Vi khuẩn,a,gioi-thieu-mon-gpb
Xét nghiệm sinh hóa lâm sàng có thể giúp phát hiện:,Bệnh tim mạch,Rối loạn nội tiết,Rối loạn chức năng thận,"Cả A, B và C",d,gioi-thieu-mon-gpb
Bệnh học miễn dịch chủ yếu nghiên cứu:,Tế bào ung thư,Hệ miễn dịch,Vi khuẩn,Tế bào thần kinh,b,gioi-thieu-mon-gpb
Bệnh tự miễn nào sau đây có thể được chẩn đoán bằng bệnh học miễn dịch?,Lupus ban đỏ hệ thống,Bệnh tiểu đường type 2,Bệnh Alzheimer,Bệnh lao,a,gioi-thieu-mon-gpb
Kỹ thuật nào sau đây không thuộc bệnh học phân tử?,PCR,Giải trình tự gen,Nhuộm H&E,Lai tại chỗ huỳnh quang (FISH),c,gioi-thieu-mon-gpb
Bệnh học phân tử giúp chẩn đoán:,Ung thư,Bệnh di truyền,Bệnh nhiễm trùng,"Cả A, B và C",d,gioi-thieu-mon-gpb
Kỹ thuật nào được sử dụng phổ biến nhất để chẩn đoán ung thư?,Hóa mô miễn dịch,PCR,Sinh thiết mô,FISH,c,gioi-thieu-mon-gpb
Kỹ thuật nào giúp đưa ra phác đồ điều trị cá nhân hóa?,Hóa mô miễn dịch,Bệnh học phân tử,Chụp X-quang,Xét nghiệm máu tổng quát,b,gioi-thieu-mon-gpb
Bệnh học nào giúp xác định nguyên nhân tử vong?,Bệnh học mô học,Bệnh học phân tử,Bệnh học pháp y,Bệnh học tế bào học,c,gioi-thieu-mon-gpb
Người đầu tiên đề xuất lý thuyết vi sinh vật gây bệnh là:,Louis Pasteur,Robert Koch,Antonie van Leeuwenhoek,Joseph Lister,a,gioi-thieu-mon-gpb
Ai phát minh ra kính hiển vi?,Antonie van Leeuwenhoek,Robert Hooke,Galileo Galilei,Andreas Vesalius,a,gioi-thieu-mon-gpb
Ai được xem là cha đẻ của miễn dịch học?,Louis Pasteur,Paul Ehrlich,Robert Koch,Edward Jenner,b,gioi-thieu-mon-gpb
Kỹ thuật nào sau đây giúp phát hiện các protein đặc hiệu trong mô bệnh?,PCR,Hóa mô miễn dịch,Chụp cộng hưởng từ,Điện di protein,b,gioi-thieu-mon-gpb
Chẩn đoán phân tử có thể xác định:,Đột biến gen,Sự biểu hiện protein,Mức độ methyl hóa DNA,"Cả A, B và C",d,gioi-thieu-mon-gpb
Kỹ thuật FNAC (chọc hút tế bào bằng kim nhỏ) thường được sử dụng để chẩn đoán:,Ung thư tuyến giáp,Ung thư máu,Bệnh Alzheimer,Bệnh nhiễm trùng,a,gioi-thieu-mon-gpb
Bệnh học nào quan trọng nhất trong chẩn đoán ung thư?,Bệnh học mô học,Bệnh học tế bào học,Bệnh học phân tử,"Cả A, B và C",d,gioi-thieu-mon-gpb
Kỹ thuật nào giúp phân tích mức độ enzyme trong cơ thể?,Bệnh học hóa học,Bệnh học mô học,Bệnh học tế bào học,Bệnh học huyết học,a,gioi-thieu-mon-gpb
Kỹ thuật nào giúp phát hiện các bất thường trong nhiễm sắc thể?,PCR,FISH,Sinh thiết,Xét nghiệm máu,b,gioi-thieu-mon-gpb
"Lý thuyết ""tế bào là đơn vị cơ bản của sự sống"" do ai đề xuất?",Rudolf Virchow,Matthias Schleiden và Theodor Schwann,Louis Pasteur,Robert Koch,b,gioi-thieu-mon-gpb
Bệnh lý nào dưới đây có thể được phát hiện nhờ xét nghiệm hóa mô miễn dịch?,Ung thư vú,Đái tháo đường,Bệnh Parkinson,Viêm gan,a,gioi-thieu-mon-gpb
Hình thái tế bào trong bệnh học tế bào học được đánh giá bằng:,Kính hiển vi điện tử,Kính hiển vi quang học,Cả A và B,Chụp X-quang,c,gioi-thieu-mon-gpb
Bệnh học huyết học giúp chẩn đoán bệnh nào sau đây?,Thiếu máu,Đột quỵ,Viêm phổi,Loãng xương,a,gioi-thieu-mon-gpb
Kỹ thuật nào giúp xác định đột biến gen trong ung thư?,PCR,Giải trình tự DNA,Lai tại chỗ huỳnh quang (FISH),"Cả A, B và C",d,gioi-thieu-mon-gpb
Người đầu tiên mô tả quá trình viêm là:,Hippocrates,Rudolf Virchow,Celsus,Galen,c,gioi-thieu-mon-gpb
Đặc điểm nào không thuộc về bệnh học pháp y?,Khám nghiệm tử thi,Xác định nguyên nhân tử vong,Chẩn đoán ung thư,Hỗ trợ điều tra hình sự,c,gioi-thieu-mon-gpb
Kỹ thuật nào sau đây là công cụ chính trong bệnh học phân tử?,Sinh thiết,PCR,Nhuộm H&E,Xét nghiệm máu,b,gioi-thieu-mon-gpb
Ai đã phát triển vắc-xin phòng bệnh dại?,Edward Jenner,Robert Koch,Louis Pasteur,Alexander Fleming,c,gioi-thieu-mon-gpb
Phân ngành nào của bệnh học giúp phân tích sự thay đổi trong mô bệnh?,Bệnh học mô học,Bệnh học hóa học,Bệnh học pháp y,Bệnh học miễn dịch,a,gioi-thieu-mon-gpb
Kỹ thuật nào giúp phát hiện vi khuẩn trong mẫu bệnh phẩm?,PCR,Cấy vi khuẩn,Nhuộm Gram,"Cả A, B và C",d,gioi-thieu-mon-gpb
"Trong bệnh học miễn dịch,xét nghiệm nào thường được sử dụng để phát hiện các bệnh tự miễn?",ELISA,PCR,Chụp cắt lớp CT,Xét nghiệm công thức máu,a,gioi-thieu-mon-gpb
Yếu tố nào dưới đây không liên quan đến bệnh học tế bào học?,FNAC,Xét nghiệm Pap,Giải trình tự gen,Nhuộm Papanicolaou,c,gioi-thieu-mon-gpb
Bệnh lý nào dưới đây có thể được chẩn đoán bằng xét nghiệm FISH?,Hội chứng Down,Ung thư vú HER2+,Ung thư máu,"Cả A, B và C",d,gioi-thieu-mon-gpb
Mục đích chính của bệnh học là:,Chẩn đoán bệnh,Nghiên cứu nguyên nhân bệnh,Định hướng điều trị,"Cả A, B và C",d,gioi-thieu-mon-gpb
Viêm ruột thừa cấp điển hình do:,Viêm gan,"Tắc nghẽn lòng ruột thừa (sỏi phân, tăng sản mô lympho)",Lao ruột,Nhiễm nấm,b,benh-ruot-non-dai-trang
Viêm ruột thừa cấp có đặc điểm mô học:,Tế bào u hạt,Hoại tử dạng bã đậu,Thấm nhập bạch cầu đa nhân trung tính toàn bộ lớp thành ruột,Dị sản biểu mô,c,benh-ruot-non-dai-trang
Biến chứng thường gặp của viêm ruột thừa không điều trị:,Xuất huyết,"Hoại tử, thủng, viêm phúc mạc",Thiếu máu,Hội chứng ruột kích thích,b,benh-ruot-non-dai-trang
Tắc ruột cơ học thường do:,Thiếu máu,"U, dính ruột, xoắn ruột",Bệnh tim,Viêm gan,b,benh-ruot-non-dai-trang
Tắc ruột gây thiếu máu cục bộ dẫn đến:,Viêm loét,Viêm ruột hoại tử,Viêm phế quản,Tắc mật,b,benh-ruot-non-dai-trang
Biểu hiện mô học trong viêm ruột hoại tử:,Loạn sản,"Hoại tử toàn bộ thành ruột, viêm cấp, xuất huyết",Tăng sinh tuyến,Dị sản ruột,b,benh-ruot-non-dai-trang
Lồng ruột là hiện tượng:,Khối u phát triển trong ruột,Một đoạn ruột chui vào lòng đoạn kế cận,Sỏi mật di chuyển,Viêm túi mật,b,benh-ruot-non-dai-trang
Lồng ruột ở trẻ em thường do:,U tuyến,Tăng sản mô lympho,Sỏi phân,Tắc mạch,b,benh-ruot-non-dai-trang
Lồng ruột không xử lý sớm có thể gây:,Xuất huyết tiêu hóa,Viêm gan,"Tắc ruột, thiếu máu cục bộ và hoại tử ruột",Viêm tụy,c,benh-ruot-non-dai-trang
Viêm đại tràng do thiếu máu mô học cho thấy:,"Hoại tử biểu mô, xuất huyết niêm mạc, viêm nhẹ",U hạt,Tăng sản tuyến,Viêm bạch cầu ái toan,a,benh-ruot-non-dai-trang
Viêm đại tràng giả mạc thường do:,Nhiễm Salmonella,Clostridium difficile,Virus EBV,Viêm gan,b,benh-ruot-non-dai-trang
Mô học của viêm đại tràng giả mạc:,Dị sản biểu mô,"Màng giả gồm fibrin, bạch cầu, mảnh vụn hoại tử",Nang lao,Lắng đọng amyloid,b,benh-ruot-non-dai-trang
Viêm đại tràng vi thể có thể chia thành:,Viêm đại tràng tăng sản và loạn sản,Viêm đại tràng collagen và lympho,Viêm đại tràng viêm loét,Viêm đại tràng nhiễm trùng,b,benh-ruot-non-dai-trang
"Trong viêm đại tràng collagen, đặc điểm là:",Thấm nhập lympho biểu mô,Lắng đọng lớp collagen dưới biểu mô dày >10 micron,Hoại tử bã đậu,U hạt,b,benh-ruot-non-dai-trang
Trong viêm đại tràng lympho:,Nhiều bạch cầu trung tính,Lắng đọng collagen,Lympho thấm nhập lớp biểu mô >20 tế bào/100 tế bào biểu mô,Mô xơ,c,benh-ruot-non-dai-trang
Viêm loét đại tràng thường bắt đầu tại:,Hồi tràng,Manh tràng,Trực tràng,Hỗng tràng,c,benh-ruot-non-dai-trang
Viêm loét đại tràng thường:,Tổn thương từng vùng,Liên tục không ngắt quãng,Tổn thương xen kẽ,Ảnh hưởng chủ yếu ruột non,b,benh-ruot-non-dai-trang
Crohn có đặc điểm tổn thương:,Liên tục,Lan tỏa,Từng vùng xen kẽ (skip lesions),Khu trú trực tràng,c,benh-ruot-non-dai-trang
Mô học Crohn đặc trưng với:,U hạt không hoại tử,Loét nông,Viêm lớp niêm,Tăng sản tuyến,a,benh-ruot-non-dai-trang
Loét trong Crohn có thể:,Nông dọc theo niêm mạc,Ăn sâu xuyên thành ruột,Giới hạn ở biểu mô,Không loét,b,benh-ruot-non-dai-trang
Mô học viêm loét đại tràng:,Loét sâu xuyên cơ,"Viêm mạn lớp niêm, loạn sản, không có u hạt",U hạt hoại tử,Viêm mạch,b,benh-ruot-non-dai-trang
Biến chứng nguy hiểm của viêm loét đại tràng mạn:,Viêm tụy,Ung thư biểu mô tuyến đại tràng,Sỏi mật,Polyp viêm,b,benh-ruot-non-dai-trang
Crohn có thể gây tổn thương ở:,Đại tràng,Ruột non,Bất kỳ phần nào ống tiêu hóa,Thực quản,c,benh-ruot-non-dai-trang
Viêm loét đại tràng giới hạn ở:,Ruột non,Hồi manh tràng,Đại tràng và trực tràng,Dạ dày,c,benh-ruot-non-dai-trang
Biến chứng đường rò thường gặp trong:,Viêm loét đại tràng,Crohn,Polyp đại tràng,Ung thư dạ dày,b,benh-ruot-non-dai-trang
Polyp đại tràng tăng sản thường:,Có khả năng ác tính cao,"Không có loạn sản, nguy cơ rất thấp chuyển ung thư",Phát triển nhanh,Có hoại tử trung tâm,b,benh-ruot-non-dai-trang
Polyp tuyến là:,Tăng sản cơ,Tổn thương tiền ung thư,Polyp viêm,Polyp cơ trơn,b,benh-ruot-non-dai-trang
Phân loại polyp tuyến đại tràng gồm:,"Tuyến ống, nhánh và tuyến nang","Tuyến ống, nhánh và hỗn hợp","U xơ, u tuyến, u mỡ","Tuyến nhỏ, tuyến to, tuyến khổng lồ",b,benh-ruot-non-dai-trang
Polyp tuyến ống thường:,Ác tính ngay từ đầu,"Chiếm tỷ lệ cao nhất, nguy cơ thấp hơn tuyến nhánh",Gây viêm,Có mô cơ,b,benh-ruot-non-dai-trang
Polyp tuyến nhánh có đặc điểm:,"Nhỏ, mềm","Tế bào tuyến dạng nhánh, loạn sản nhiều hơn polyp ống",Không loạn sản,Không liên quan ung thư,b,benh-ruot-non-dai-trang
Hội chứng polyp gia đình (FAP) liên quan đến đột biến:,p53,APC,KRAS,DCC,b,benh-ruot-non-dai-trang
FAP nếu không phẫu thuật sớm sẽ dẫn đến:,Xơ gan,Ung thư đại tràng 100%,Viêm tụy mạn,Thiếu máu ác tính,b,benh-ruot-non-dai-trang
Polyp viêm thường xuất hiện:,Trong viêm loét đại tràng mạn,Ung thư gan,Crohn sớm,Lao ruột,a,benh-ruot-non-dai-trang
Mô học polyp viêm:,Tuyến loạn sản,"Mô viêm, niêm mạc tái tạo không đồng đều",Tế bào hình nhẫn,U hạt,b,benh-ruot-non-dai-trang
Đặc điểm mô học giúp phân biệt polyp lành – ác:,Màu sắc đại thể,"Loạn sản biểu mô, rối loạn phân bào",Số lượng tế bào cơ,Mức độ hoại tử,b,benh-ruot-non-dai-trang
Loại ung thư đại tràng phổ biến nhất:,Carcinôm tế bào vảy,Carcinôm tuyến (adenocarcinoma),Sarcoma,U lympho,b,benh-ruot-non-dai-trang
Yếu tố nguy cơ chính của ung thư đại tràng:,Viêm gan B,"Polyp tuyến, viêm loét đại tràng, FAP",Viêm ruột thừa,Viêm tụy mạn,b,benh-ruot-non-dai-trang
Ung thư đại tràng thường phát sinh từ:,Mô liên kết,Tế bào lympho,Polyp tuyến có loạn sản,Dị sản vảy,c,benh-ruot-non-dai-trang
Triệu chứng sớm của ung thư đại tràng:,Đau ngực,"Táo bón, đi ngoài ra máu, mệt mỏi",Vàng da,Khó nuốt,b,benh-ruot-non-dai-trang
Đột biến gen phổ biến trong ung thư đại tràng:,ALK,"APC, KRAS, p53",BRAF,RAS,b,benh-ruot-non-dai-trang
Đặc điểm mô học của carcinôm tuyến:,Không tạo tuyến,"Tạo tuyến bất thường, xâm nhập mô đệm",Tế bào cơ trơn tăng sinh,Mạch máu giãn rộng,b,benh-ruot-non-dai-trang
Giai đoạn sớm của ung thư đại tràng:,Viêm mạn,Carcinoma tại chỗ (in situ),U tuyến,Nang tuyến,b,benh-ruot-non-dai-trang
Ung thư đại tràng bên phải thường gây:,Táo bón,"Thiếu máu, khối u không đau",Tắc nghẽn cấp,Viêm tụy,b,benh-ruot-non-dai-trang
Ung thư bên trái đại tràng thường:,Gây tiêu chảy nặng,"Tắc ruột sớm, thay đổi thói quen đại tiện",Không có triệu chứng,Hoại tử gan,b,benh-ruot-non-dai-trang
"Hình ảnh ""ruột bút chì"" trên Xquang gợi ý:",Viêm ruột thừa,Ung thư đại tràng bên trái,Polyp nhỏ,Tắc tá tràng,b,benh-ruot-non-dai-trang
Di căn thường gặp nhất của ung thư đại tràng:,Gan,Não,Phổi,Thận,a,benh-ruot-non-dai-trang
Phân biệt mô học ung thư tuyến biệt hóa tốt:,Không tạo tuyến,"Tạo tuyến rõ, xâm nhập mô đệm",Tạo nang,Biểu mô lát,b,benh-ruot-non-dai-trang
Ung thư tuyến biệt hóa kém:,Tế bào sắp xếp tuyến chặt,"Ít tạo tuyến, tế bào dị dạng rõ",Không xâm nhập,Không loạn sản,b,benh-ruot-non-dai-trang
Xét nghiệm sàng lọc ung thư đại tràng phổ biến:,AFP,FOBT (test máu ẩn trong phân),CA125,Xét nghiệm đông máu,b,benh-ruot-non-dai-trang
Phương pháp chẩn đoán xác định:,Siêu âm,Xét nghiệm máu,Nội soi đại tràng + sinh thiết mô học,Xquang,c,benh-ruot-non-dai-trang
Giai đoạn đầu của viêm phổi thùy phổi là:,Giai đoạn gan hóa đỏ,Giai đoạn gan hóa xám,Giai đoạn xơ hóa,Giai đoạn sung huyết,d,benh-phoi
"Trong giai đoạn gan hóa đỏ, phổi có đặc điểm gì?","Có màu xám, vách phế nang dày","Nhiều dịch xuất nhầy, không có hồng cầu","Đặc cứng, màu đỏ, chứa nhiều bạch cầu trung tính","Phổi phồng to, chứa không khí",c,benh-phoi
Đặc điểm mô học của viêm phổi do virus là:,Tế bào Langhans,"Viêm mô kẽ, có tế bào khổng lồ và thể vùi trong bào tương",Hoại tử bã đậu,U hạt dạng kê,b,benh-phoi
Viêm phổi thùy phổi thường xảy ra ở:,Trẻ sơ sinh,Người cao tuổi,"Một thùy phổi, thường là thùy trên",Cả hai bên phổi cùng lúc,c,benh-phoi
Tổn thương trong viêm phổi virus thường khu trú ở:,Phế quản lớn,Mô kẽ phổi,Phế nang chứa mủ,Mạch máu phổi,b,benh-phoi
Tổn thương đặc trưng trong lao phổi nguyên phát là:,Phức hợp Ghon,Hang lao,Xơ phổi,U hạt dạng kê,a,benh-phoi
Tổn thương đặc trưng ở vi thể trong lao phổi thứ phát:,Tế bào khổng lồ đa nhân trung tính,"Tế bào Langhans, hoại tử bã đậu",Viêm phế nang,Phù phổi cấp,b,benh-phoi
Hang lao hình thành do:,Viêm phế nang,Nang bã đậu vỡ vào phế nang,"Nang lao gặm vào phế quản, chất hoại tử được dẫn lưu ra ngoài",Sự tích tụ dịch trong phổi,c,benh-phoi
Lao kê có đặc điểm đại thể:,Một khối lớn ở đỉnh phổi,Tổn thương dạng nốt to trên 1 cm,Nhiều hạt kê vàng nhạt rải rác trong nhu mô phổi,Dịch mủ ở màng phổi,c,benh-phoi
Tế bào Langhans đặc trưng bởi:,Hình đa giác với nhân trung tâm,Nhân xếp vòng quanh rìa tế bào,Nhân lớn bất thường,Có màu đỏ nhạt,b,benh-phoi
Nguyên nhân thường gặp nhất của xẹp phổi tắc nghẽn là:,U mạch máu,Dị dạng phổi bẩm sinh,Ung thư phế quản,Tràn khí màng phổi,c,benh-phoi
"Trong xẹp phổi tắc nghẽn, phổi bị:",Phồng to,Bị ép từ ngoài vào,Mất khí do tắc nghẽn lòng phế quản,Thoát dịch ra ngoài,c,benh-phoi
Xẹp phổi chèn ép thường do:,Viêm phế quản,Tràn dịch hoặc tràn khí màng phổi,Dị vật phế quản,Phù phổi cấp,b,benh-phoi
Biểu hiện mô học của xẹp phổi lâu ngày:,Phế nang giãn,Dày vách phế nang và xơ hóa,Hoại tử,Tăng sinh biểu mô tuyến,b,benh-phoi
Xẹp phổi chèn ép được hồi phục nếu:,Tình trạng kéo dài nhiều tháng,Loại bỏ nguyên nhân gây chèn ép sớm,Bổ sung thuốc giãn phế quản,Tiêm corticosteroid,b,benh-phoi
Đặc điểm mô học của bệnh bụi phổi silic là:,U hạt không hoại tử,Vòng xơ hóa đồng tâm quanh hạt bụi,Viêm cấp tính,Xơ hóa dạng lưới không điển hình,b,benh-phoi
"Trong bệnh phổi kẽ, vùng tổn thương chủ yếu là:",Phế quản chính,Khoang kẽ giữa các phế nang,Lòng phế nang,Động mạch phổi,b,benh-phoi
Bệnh phổi mô kẽ quá mẫn thường do:,Viêm virus,Phản ứng miễn dịch do hít phải kháng nguyên hữu cơ,Vi khuẩn Gram âm,Ung thư phế quản,b,benh-phoi
Hình ảnh vi thể đặc trưng trong bệnh bụi phổi amiăng:,Tế bào bọt,Thể vùi amiăng trong đại thực bào,Tế bào u biểu mô,Hang lao,b,benh-phoi
Đặc điểm mô học trong xơ phổi vô căn:,Viêm cấp tính,Hình ảnh tổ ong với các vùng xơ hóa thay đổi theo thời gian,Tăng sinh tế bào lympho,U hạt hoại tử,b,benh-phoi
Khí phế thủng là hậu quả của:,Tăng tiết nhầy,Giãn bất thường và không hồi phục các phế nang,Tắc phế quản,Tăng áp động mạch phổi,b,benh-phoi
Loại khí phế thủng liên quan đến hút thuốc lá:,Trung tâm tiểu thùy,Toàn tiểu thùy,Ngoại vi,Cục bộ,a,benh-phoi
"Trong hen phế quản, mô học thấy:",Mạch máu giãn rộng,"Tăng sinh tuyến nhầy, cơ trơn, và thâm nhiễm bạch cầu ái toan",Hoại tử tế bào biểu mô,Hang lao,b,benh-phoi
Hen phế quản đặc trưng bởi:,Phản ứng viêm cấp,Quá mẫn type I (dị ứng),Nhiễm khuẩn thứ phát,Viêm mô kẽ,b,benh-phoi
Viêm phế quản mạn được chẩn đoán khi ho có đờm kéo dài:,1 tuần,1 tháng,3 tháng mỗi năm trong ít nhất 2 năm liên tiếp,Suốt mùa đông,c,benh-phoi
Đặc điểm chính của giãn phế quản:,Phổi teo nhỏ,Phế quản giãn không hồi phục do phá hủy thành phế quản,Xơ phổi khu trú,Hang lao,b,benh-phoi
Giãn phế quản thường gặp ở:,Thuỳ trên phổi,Thuỳ giữa phổi,Thuỳ dưới phổi,Màng phổi,c,benh-phoi
"Trong COPD, hiện tượng thường gặp là:",Viêm mô kẽ,Tắc nghẽn luồng khí hô hấp không hồi phục,Tăng áp lực tĩnh mạch,Tràn dịch màng phổi,b,benh-phoi
Tổn thương mô học đặc trưng trong viêm phế quản mạn:,Viêm mô kẽ lan tỏa,"Tăng sản tuyến nhầy, thâm nhiễm viêm mãn tính",Viêm tấy hoại tử,Phù mô kẽ,b,benh-phoi
"Trong hen phế quản, các thể vùi Charcot-Leyden là:",Tinh thể từ vỡ tế bào bạch cầu ái toan,Thể virus,Tế bào dị dạng,Xác vi khuẩn,a,benh-phoi
Carcinôm tế bào nhỏ phế quản thường:,Phát triển chậm,Phân bào ít,Có nguồn gốc từ tế bào thần kinh nội tiết,Không di căn sớm,c,benh-phoi
Carcinôm tuyến phổi thường gặp ở:,Phế quản chính,Ngoại vi phổi,Trung tâm tiểu thùy,Dưới màng phổi,b,benh-phoi
Carcinôm tế bào vảy đặc trưng bởi:,Mô tuyến tăng sinh,"Cầu nối gian bào, sừng hóa",Biểu mô hình trụ,"Tế bào nhỏ, tăng sắc",b,benh-phoi
Carcinôm tế bào nhỏ phổi có tiên lượng:,Rất tốt,Trung bình,"Rất xấu, thường chết trong vòng 1 năm nếu không điều trị",Không thay đổi theo giai đoạn,c,benh-phoi
Ung thư phổi nguyên phát thường gặp ở:,Trẻ em,"Người già, hút thuốc lá nhiều năm",Phụ nữ trẻ,Người mắc lao phổi cấp,b,benh-phoi
Tràn dịch màng phổi có thể do:,Lao phổi,Suy tim,Ung thư,Tất cả các nguyên nhân trên,d,benh-phoi
Tràn khí màng phổi xảy ra khi:,Dịch thấm vào khoang màng phổi,Không khí xâm nhập khoang màng phổi,Máu tràn vào màng phổi,Lympho thấm qua,b,benh-phoi
Viêm màng phổi do vi khuẩn có đặc điểm:,Dịch tiết trong suốt,Dịch tiết giàu protein và tế bào viêm,Dịch thanh dịch,Dịch mỡ,b,benh-phoi
U trung biểu mô màng phổi liên quan tới:,Bụi silic,Khí CO2,Amiăng (asbestos),Suy tim,c,benh-phoi
"Trong u trung biểu mô ác tính, mô học thấy:",Mô liên kết giàu collagen,Tế bào hình vuông tạo tuyến và dạng sarcom,U hạt không hoại tử,Biểu mô phì đại,b,benh-phoi
Polyp mũi thường là:,U ác tính,U mạch máu,"U lành, do viêm mạn tính",Ung thư biểu mô,c,benh-phoi
Mô học của polyp mũi:,Hoại tử bã đậu,"Mô liên kết phù nề, thấm nhập tế bào viêm",Sừng hóa,Áp xe,b,benh-phoi
Carcinôm vòm hầu liên quan đến:,HPV,Virus Epstein-Barr (EBV),Vi khuẩn,Nấm mốc,b,benh-phoi
Carcinôm vòm hầu thường gặp ở:,Châu Âu,Bắc Mỹ,Đông Nam Á và Trung Quốc,Ấn Độ,c,benh-phoi
Biểu mô trong carcinôm vòm hầu không sừng hóa:,Có biệt hóa rõ,Sừng hóa mạnh,"Không biệt hóa, nhiều tế bào lympho",Tạo tuyến,c,benh-phoi
Polyp thanh quản thường do:,Viêm mạn do nói nhiều hoặc hút thuốc,Ung thư,Nhiễm nấm,Dị ứng,a,benh-phoi
U nhú thanh quản do:,Virus HPV type 6 và 11,Virus EBV,Nhiễm trùng vi khuẩn,Di truyền,a,benh-phoi
"Trong u nhú thanh quản, mô học thấy:",Mô xơ hóa,"Biểu mô lát tầng sừng hóa, tạo nhú",U tuyến,Hoại tử,b,benh-phoi
U nhú thanh quản có thể:,Không tái phát,Chuyển dạng ác tính hiếm gặp,Không gây biến chứng,Không cần điều trị,b,benh-phoi
Carcinôm thanh quản tế bào vảy thường xuất hiện ở:,Người trẻ không hút thuốc,"Người lớn tuổi có tiền sử hút thuốc, uống rượu",Trẻ em,Phụ nữ tuổi sinh sản,b,benh-phoi
Carcinôm tế bào nhỏ phế quản có đặc điểm mô học:,"Tế bào lớn, giàu bào tương","Nhân nhỏ, tăng sắc, phân bào cao",Hình nhú rõ,Tế bào dị dạng khổng lồ,b,benh-phoi
"Trong ung thư phổi, loại thường gặp nhất ở người không hút thuốc là:",Carcinôm tế bào nhỏ,Carcinôm tuyến,Carcinôm tế bào vảy,Ung thư mô đệm,b,benh-phoi
"Xét về dịch tễ học, loại ung thư phổ biến nhất ở phổi là:",Carcinôm tuyến,Carcinôm tế bào vảy,Carcinôm tế bào nhỏ,Sarcom,a,benh-phoi
"Trong lao kê, sự lan truyền vi khuẩn theo đường:",Bạch huyết,Phế quản,Máu,Màng phổi,c,benh-phoi
Mô học của bệnh phổi mô kẽ quá mẫn cấp tính cho thấy:,"U hạt không hoại tử, thâm nhiễm lympho quanh tiểu phế quản",Hoại tử bã đậu,Tăng sinh tuyến nhầy,Tế bào ái toan,a,benh-phoi
U nhú thanh quản liên quan đến virus nào?,HPV type 16 và 18,HPV type 6 và 11,EBV,CMV,b,benh-phoi
Loại ung thư phổi nào thường gây hội chứng cận u (paraneoplastic syndrome)?,Carcinôm tế bào nhỏ,Carcinôm tuyến,Carcinôm tế bào vảy,Sarcom,a,benh-phoi
"Trong khí phế thủng, hiện tượng mô học nổi bật là:",Dày màng đáy,"Giãn rộng phế nang, mất vách phế nang",Xơ hóa quanh tiểu phế quản,Lắng đọng collagen,b,benh-phoi
Tràn dịch màng phổi do ung thư đặc trưng bởi:,Dịch thanh dịch ít tế bào,Dịch tiết chứa tế bào ác tính,Dịch mủ đục,Dịch trong suốt,b,benh-phoi
Carcinôm hầu mũi (nasopharyngeal carcinoma) thường biểu hiện triệu chứng đầu tiên là:,Sốt cao,Đau họng,Hạch cổ sưng không đau,Khó thở đột ngột,c,benh-phoi
Viêm gan cấp mô học đặc trưng bởi:,Tăng sinh mô sợi,"Thâm nhiễm tế bào viêm quanh tĩnh mạch cửa, tổn thương tế bào gan rải rác",Dị sản biểu mô,Tăng sinh ống mật,b,benh-gan-duong-mat
Tế bào viêm chủ yếu trong viêm gan do virus là:,Bạch cầu trung tính,Bạch cầu ái toan,Lympho bào,Tương bào,c,benh-gan-duong-mat
Thể Councilman là:,Hạt mỡ,Tế bào gan hoại tử ái toan,Tế bào viêm dạng u,Tế bào Kupffer phì đại,b,benh-gan-duong-mat
Viêm gan mạn được chẩn đoán khi kéo dài trên:,1 tuần,1 tháng,3 tháng,6 tháng,c,benh-gan-duong-mat
"Trong viêm gan mạn hoạt động, mô học cho thấy:",Hoại tử mảng (piecemeal necrosis) quanh khoảng cửa,Viêm cấp tính lan tỏa,Viêm mô mỡ,Viêm ống mật,a,benh-gan-duong-mat
Biến chứng lâu dài của viêm gan mạn:,Xơ gan,Viêm ruột thừa,Sỏi mật,Gan nhiễm mỡ,a,benh-gan-duong-mat
Viêm gan siêu vi B có thể gây:,Viêm tụy cấp,Xơ gan và ung thư tế bào gan,Bệnh Wilson,Thiếu máu,b,benh-gan-duong-mat
Tổn thương mô học ở viêm gan virus cấp nặng:,Hoại tử cầu gan (bridging necrosis),Viêm mạch hoại tử,Nang lao,Tế bào hình nhẫn,a,benh-gan-duong-mat
Hoại tử tế bào gan trong viêm gan cấp thường xảy ra ở:,Vùng quanh cửa,Trung tâm tiểu thùy gan,Mô liên kết quanh gan,Mô mỡ,b,benh-gan-duong-mat
Viêm gan siêu vi C mạn thường diễn tiến âm thầm và dễ gây:,Viêm túi mật,Gan nhiễm mỡ,Xơ gan và ung thư gan tế bào nhỏ,Viêm tụy,c,benh-gan-duong-mat
Định nghĩa xơ gan:,Viêm cấp gan,Thoái hóa mỡ nặng,Sự hình thành các dải xơ và nốt tái tạo gan,Tăng áp tĩnh mạch cửa,c,benh-gan-duong-mat
Mô học xơ gan cho thấy:,Viêm loét lan tỏa,Các nốt tế bào gan được bao quanh bởi mô xơ,Hoại tử trung tâm tiểu thùy,Dị sản ống mật,b,benh-gan-duong-mat
Nguyên nhân thường gặp nhất của xơ gan:,Nhiễm ký sinh trùng,Viêm tụy mạn,"Viêm gan virus B, C và nghiện rượu",Viêm túi mật,c,benh-gan-duong-mat
Loại xơ gan do rượu thường có đặc điểm:,Gan mềm và phồng,"Gan teo nhỏ, bề mặt hạt nhỏ đều",Mô gan tăng sinh lan tỏa,Tế bào Kupffer phì đại,b,benh-gan-duong-mat
Biến chứng nghiêm trọng của xơ gan:,Viêm đại tràng,Tắc mật,"Tăng áp lực tĩnh mạch cửa, cổ trướng, ung thư gan",Sỏi mật,c,benh-gan-duong-mat
Xơ gan mô học còn gọi là:,Viêm gan cấp,Gan sợi hóa,Gan nhiễm sắt,Gan mỡ,b,benh-gan-duong-mat
Nốt tái tạo ở xơ gan hình thành từ:,Tăng sinh ống mật,Tế bào Kupffer,Tăng sinh tế bào gan còn lại,Đại thực bào,c,benh-gan-duong-mat
Phân loại xơ gan dựa vào:,Mức độ đau,Nồng độ enzym gan,Kích thước nốt tái tạo,Lượng mỡ gan,c,benh-gan-duong-mat
Ung thư tế bào gan nguyên phát là:,Cholangiocarcinoma,Hepatocellular carcinoma (HCC),Sarcoma,Metastasis từ ruột,b,benh-gan-duong-mat
Yếu tố nguy cơ chính gây HCC:,"Nhiễm HBV, HCV, xơ gan",Sỏi mật,Rượu cấp,Nhiễm vi khuẩn HP,a,benh-gan-duong-mat
Đặc điểm mô học của HCC:,Tế bào hình tròn sắp xếp tuyến,"Tế bào gan dị dạng, bè tế bào dày >2 lớp",Tế bào cơ trơn,Tế bào hình nhẫn,b,benh-gan-duong-mat
Dấu hiệu mô học đặc trưng trong carcinôm ống mật:,Tuyến tăng sản và mô đệm xơ hóa mạnh,Bè tế bào,Tế bào gan hình thoi,Hoại tử dạng bã đậu,a,benh-gan-duong-mat
Cholangiocarcinoma thường xuất hiện ở:,Trong lòng ruột,Tế bào Kupffer,Biểu mô ống mật trong và ngoài gan,Đại tràng,c,benh-gan-duong-mat
Viêm túi mật cấp thường do:,Viêm tụy,Sỏi túi mật gây tắc ống cổ túi mật,Xơ gan,Rối loạn miễn dịch,b,benh-gan-duong-mat
Mô học của viêm túi mật cấp:,Thâm nhập lympho và tổ chức xơ,"Thấm nhập bạch cầu đa nhân trung tính, phù nề, xung huyết",U hạt,Dị sản ruột,b,benh-gan-duong-mat
Viêm đường mật thường là hậu quả của:,Tăng cholesterol,Vi khuẩn xâm nhập do tắc mật bởi sỏi,Tăng áp lực gan,Viêm gan siêu vi,b,benh-gan-duong-mat
Mô học trong viêm đường mật cho thấy:,Thấm nhập lympho và hoại tử ống mật,Loạn sản tế bào gan,Xơ hóa tiểu thùy,Hoại tử tế bào hình nhẫn,a,benh-gan-duong-mat
Sỏi mật hình thành chủ yếu do:,Thiếu canxi,Rối loạn chuyển hóa acid mật và cholesterol,Dị ứng thực phẩm,Nhiễm nấm,b,benh-gan-duong-mat
Sỏi sắc tố thường liên quan đến:,Thiếu máu,Nhiễm vi khuẩn và ký sinh trùng,Rượu,Tăng insulin,b,benh-gan-duong-mat
Biến chứng nguy hiểm của viêm đường mật:,Rối loạn đông máu,Viêm phúc mạc nhiễm trùng huyết,Thiếu máu,Viêm ruột,b,benh-gan-duong-mat
"Thuật ngữ ""tân sinh"" (neoplasia) dùng để chỉ:",Sự chết tế bào theo chương trình,Sự tăng sinh bất thường của mô,Hiện tượng viêm cấp tính,Sự sửa chữa mô tổn thương,b,u-lanh-tinh-ung-thu
Thành phần cơ bản của khối u bao gồm:,Chủ mô u và mô đệm,Bạch cầu và hồng cầu,Tiểu cầu và collagen,Mạch máu và lympho bào,a,u-lanh-tinh-ung-thu
Điểm khác biệt chính giữa u lành tính và u ác tính là gì?,U ác tính có khả năng xâm lấn và di căn,U lành tính luôn phát triển chậm hơn u ác tính,U lành tính không cần phẫu thuật,U ác tính có vỏ bao rõ ràng,a,u-lanh-tinh-ung-thu
Danh pháp của các khối u lành tính thường có hậu tố nào?,-sarcoma,-carcinoma,-oma,-blastoma,c,u-lanh-tinh-ung-thu
"Ví dụ nào dưới đây là u ác tính mặc dù có hậu tố ""-oma""?",U xơ (fibroma),U mỡ (lipoma),U lympho (lymphoma),U tuyến (adenoma),c,u-lanh-tinh-ung-thu
Đặc điểm của u lành tính là:,Giới hạn rõ ràng không xâm lấn,Có khả năng di căn,Phát triển rất nhanh,Xâm nhập mạch máu,a,u-lanh-tinh-ung-thu
U tuyến dạng nang (cystadenoma) thường gặp ở cơ quan nào?,Phổi,Buồng trứng,Gan,Tim,b,u-lanh-tinh-ung-thu
Polyp là gì?,U dạng nang,U biểu mô có cấu trúc nhánh,Khối u nhô lên trên bề mặt niêm mạc,U xương lành tính,c,u-lanh-tinh-ung-thu
U nào sau đây là một loại u lành tính của mô cơ trơn?,Osteoma,Leiomyoma,Lipoma,Fibroma,b,u-lanh-tinh-ung-thu
Một u lành tính thường có đặc điểm nào sau đây trên vi thể?,Tế bào u có nhân lớn dị dạng,Hoạt động phân bào bất thường,Tế bào có biệt hóa tốt,Xâm nhập mạch máu,c,u-lanh-tinh-ung-thu
Đặc điểm chính của u ác tính là:,Không có khả năng xâm lấn,Phát triển chậm,Xâm nhập mô xung quanh và có thể di căn,Luôn có vỏ bao,c,u-lanh-tinh-ung-thu
Sarcoma là thuật ngữ dùng để chỉ:,U có nguồn gốc từ tế bào biểu mô,U có nguồn gốc từ mô liên kết,U không biệt hóa,U lành tính của tuyến,b,u-lanh-tinh-ung-thu
Ung thư biểu mô tuyến (adenocarcinoma) có nguồn gốc từ:,Tế bào trung mô,Tế bào biểu mô tuyến,Tế bào máu,Tế bào thần kinh,b,u-lanh-tinh-ung-thu
Đặc điểm nào sau đây KHÔNG phải của u ác tính?,Di căn,Mất tính biệt hóa (thoái sản),Phát triển chậm và có vỏ bao,Xâm nhập mô xung quanh,c,u-lanh-tinh-ung-thu
U ác tính có xu hướng phát triển nhanh do:,Hoạt động phân bào cao,Giảm tín hiệu ức chế tăng trưởng,Xâm nhập mạch máu,Tất cả các yếu tố trên,d,u-lanh-tinh-ung-thu
U nào dưới đây có khả năng di căn cao nhất?,U xơ (fibroma),U mỡ (lipoma),Ung thư biểu mô tuyến (adenocarcinoma),U xương lành tính (osteoma),c,u-lanh-tinh-ung-thu
Con đường lan truyền phổ biến nhất của carcinoma là:,Qua hệ bạch huyết,Qua máu,Qua khoang cơ thể,Qua dây thần kinh,a,u-lanh-tinh-ung-thu
Sarcoma thường lan truyền theo con đường nào?,Hệ bạch huyết,Đường máu,Khoang cơ thể,Không di căn,b,u-lanh-tinh-ung-thu
Một bệnh nhân có ung thư buồng trứng nhiều khả năng khối u sẽ lan qua con đường nào?,Hệ bạch huyết,Xâm nhập mạch máu,Lan rộng qua khoang phúc mạc,Trực tiếp xâm lấn qua cơ quan kế cận,c,u-lanh-tinh-ung-thu
"""Pseudomyxoma peritonei"" là thuật ngữ mô tả tình trạng nào?",Ung thư buồng trứng lan qua hệ bạch huyết,Sự lan rộng của chất nhầy từ khối u vào khoang phúc mạc,Ung thư phổi di căn đến gan,Sarcoma di căn qua đường máu,b,u-lanh-tinh-ung-thu
Yếu tố nào quyết định mức độ ác tính của một khối u?,Độ biệt hóa tế bào,Tốc độ phát triển,Khả năng xâm lấn và di căn,Tất cả các yếu tố trên,d,u-lanh-tinh-ung-thu
Hệ thống TNM dùng để phân loại gì?,Độ biệt hóa khối u,Giai đoạn bệnh ung thư,Mức độ viêm của khối u,Mức độ đáp ứng với hóa trị,b,u-lanh-tinh-ung-thu
Một khối u có di căn xa sẽ được xếp loại TNM ở mức độ nào?,T1,N0,M1,G1,c,u-lanh-tinh-ung-thu
Dấu ấn ung thư nào được sử dụng để theo dõi ung thư tuyến tiền liệt?,CEA,CA-125,PSA,AFP,c,u-lanh-tinh-ung-thu
Ung thư vú có thể biểu hiện quá mức gen nào sau đây?,RB,HER2/neu,BRCA1,APC,b,u-lanh-tinh-ung-thu
Phương pháp nào được coi là tiêu chuẩn vàng trong chẩn đoán ung thư?,Xét nghiệm máu,Sinh thiết mô,Chụp CT,Xét nghiệm dấu ấn khối u,b,u-lanh-tinh-ung-thu
Phương pháp nào sau đây giúp xác định kiểu gen của tế bào ung thư?,Giải trình tự thế hệ mới (NGS),Chụp cộng hưởng từ (MRI),Sinh thiết lỏng,A và C đều đúng,d,u-lanh-tinh-ung-thu
Hệ thống TNM phân loại ung thư dựa trên yếu tố nào?,Độ biệt hóa tế bào,Kích thước khối u di căn hạch di căn xa,Tuổi bệnh nhân,Phản ứng viêm của mô xung quanh,b,u-lanh-tinh-ung-thu
Dấu ấn khối u CA-125 được sử dụng để theo dõi ung thư nào?,Ung thư đại tràng,Ung thư tuyến tiền liệt,Ung thư buồng trứng,Ung thư gan,c,u-lanh-tinh-ung-thu
Sinh thiết lỏng giúp phát hiện ung thư bằng cách:,Đo lượng kháng thể trong máu,Phát hiện DNA của tế bào ung thư lưu hành trong máu,Chụp ảnh mô bệnh,Phân tích protein huyết thanh,b,u-lanh-tinh-ung-thu
Phương pháp nào sau đây KHÔNG phải là một phương pháp điều trị ung thư chính?,Phẫu thuật,Hóa trị,Liệu pháp miễn dịch,Kháng sinh liều cao,d,u-lanh-tinh-ung-thu
Mục tiêu chính của phẫu thuật trong điều trị ung thư là gì?,Làm giảm triệu chứng đau,Loại bỏ toàn bộ khối u,Tăng cường hiệu quả hóa trị,Ngăn ngừa hình thành di căn,b,u-lanh-tinh-ung-thu
Hóa trị hoạt động theo cơ chế nào?,Giết chết các tế bào ung thư đang phân chia nhanh,Tăng cường hệ miễn dịch chống ung thư,Ngăn chặn sự hình thành mạch máu của khối u,Ức chế hoạt động của tế bào gốc ung thư,a,u-lanh-tinh-ung-thu
Tác dụng phụ phổ biến nhất của hóa trị là gì?,Suy giảm miễn dịch,Gây tổn thương thận,Giảm huyết áp,Gây loãng xương,a,u-lanh-tinh-ung-thu
Xạ trị tiêu diệt tế bào ung thư bằng cách nào?,Phá hủy DNA của tế bào ung thư,Tăng tốc độ chết tế bào theo chương trình,Kích thích hệ miễn dịch tiêu diệt tế bào ung thư,Ức chế nguồn cung cấp năng lượng của tế bào,a,u-lanh-tinh-ung-thu
Liệu pháp miễn dịch trong điều trị ung thư hoạt động bằng cách nào?,Kích hoạt hệ thống miễn dịch để tiêu diệt tế bào ung thư,Tiêu diệt trực tiếp tế bào ung thư bằng thuốc,Ức chế sự tăng sinh của tế bào ung thư,Cản trở sự phát triển của khối u thông qua thiếu máu nuôi dưỡng,a,u-lanh-tinh-ung-thu
Thuốc ức chế điểm kiểm soát miễn dịch (immune checkpoint inhibitors) hoạt động bằng cách nào?,Ngăn chặn sự ức chế của tế bào T,Kích thích tế bào ung thư tự chết,Phá hủy mạch máu nuôi khối u,Giảm sự tăng sinh tế bào ung thư,a,u-lanh-tinh-ung-thu
Liệu pháp nhắm đích (targeted therapy) khác với hóa trị truyền thống như thế nào?,Chỉ tác động vào tế bào ung thư có đột biến đặc hiệu,Gây ít tác dụng phụ hơn hóa trị,Không ảnh hưởng đến tế bào lành,Cả A và B đều đúng,d,u-lanh-tinh-ung-thu
Thuốc Imatinib (Gleevec) là liệu pháp nhắm đích được sử dụng để điều trị bệnh nào?,Ung thư phổi,Bạch cầu dòng tủy mãn tính (CML),Ung thư gan,Ung thư vú,b,u-lanh-tinh-ung-thu
Liệu pháp kháng sinh có thể được sử dụng để điều trị ung thư nào?,Ung thư phổi,Ung thư dạ dày do Helicobacter pylori,Ung thư đại trực tràng,Ung thư tuyến giáp,b,u-lanh-tinh-ung-thu
Polyp có trong cố tử cung thường xuất hiện ở:,Trẻ em,Phụ nữ sau mãn kinh,Nam giới,Phụ nữ tuổi sinh sản,d,benh-ly-tu-cung
Polyp có trong cố tử cung là:,Ung thư tuyến,Tổn thương giả ư,U ác tính,Tổn thương hoại từ,b,benh-ly-tu-cung
Biểu mô phủ bề mặt polyp có trong là:,Biểu mô lát tầng không sừng hóa,Biểu mô trụ đơn tiết nhầy,Biểu mô chuyên sản gai,Biểu mô dị sản,b,benh-ly-tu-cung
Kích thước điển hình của polyp có trong thường:,>5cm,<3cm,5-7cm,3-5cm,b,benh-ly-tu-cung
Vị thế mô đếm polyp thường có đặc điểm:,Teo dét không mạch máu,Giâu tương báo,Phù nề sung huyết,Có bạch cầu da nhân,c,benh-ly-tu-cung
Biểu hiện lâm sàng của polyp có tử cung thường là:,Không triệu chứng,Sốt,Xuất huyết âm đạo,Đau khi giao hợp,c,benh-ly-tu-cung
Đặc điểm đại thể của polyp:,Khối xú xi màu nâu sâm,Dạng loét nông,Khối tròn màu hồng nhạt trong lắng,Khối dẹt hoại từ,c,benh-ly-tu-cung
Loại biểu mô có thể thấy chuyên sản trong polyp:,Biểu mô lát tầng gai,Biểu mô giả tầng,Biểu mô tiết nhầy,Biểu mô gai chuyên sản,d,benh-ly-tu-cung
Phản ứng viêm kèm theo polyp là nguyên nhân gây:,Loạn sản biểu mô,Giãn rộng mạch máu,Tăng sinh tuyến,Dị sản nhẹ,b,benh-ly-tu-cung
Polyp có trong cố tử cung thuộc loại:,U ác tính thường gặp,Tổn thương giả ư,Ung thư tuyến có trong,Tổn thương tiền ung,b,benh-ly-tu-cung
Condyloma có tử cung do nhiễm:,HPV type 16 18,HPV type 6 11,EBV,HSV,b,benh-ly-tu-cung
Condyloma có tử cung là:,Tổn thương tiền ung thư,U ác tính,U lành tính,Tổn thương viêm,c,benh-ly-tu-cung
Dạng đại thể của condyloma:,Loét nông,Dạng sui hoặc phẳng,U đặc,Khối xơ hoá,b,benh-ly-tu-cung
Đặc điểm mô học đặc trưng cho nhiễm HPV:,Tế bào koilocyte,Tế bào dạng tuyến,Tế bào hoại từ,Tế bào dạng gai,a,benh-ly-tu-cung
Condyloma có thể tiến triển thành ung thư khi:,Nhiễm HPV type thấp nguy hiểm,Động nhiễm HPV nguy cơ cao,Nhiễm virus EBV,Bệnh lý miễn dịch,b,benh-ly-tu-cung
CIN là:,Ung thư cổ tử cung,Loạn sản tế bào tuyến,Tổn thương tiền ung thư,U lành tính cổ tử cung,c,benh-ly-tu-cung
CIN có liên quan chặt chẽ đến nhiễm:,HSV,HPV nguy cơ cao,EBV,H. pylori,b,benh-ly-tu-cung
CIN I là:,Loạn sản nhẹ giới hạn 1/3 dưới biểu mô,Loạn sản toàn bộ biểu mô,Loạn sản tuyến,Ung thư biểu mô tại chổ,a,benh-ly-tu-cung
Đặc điểm mô học của CIN II:,Loạn sản nhẹ,Loạn sản vừa tổn thương đến 2/3 chiều dày biểu mô,Không có bất thường tế bào,Biểu mô tuyến bị đảo lộn,b,benh-ly-tu-cung
CIN III còn được gọi là:,Carcinoma tuyến,CIN độ I,Carcinoma tại chổ,Carcinoma xâm lấn,c,benh-ly-tu-cung
Tế bào koilocyte có thể gặp trong:,Viêm cổ tử cung không đặc hiệu,CIN I,Carcinoma tuyến,U cơ trơn tử cung,b,benh-ly-tu-cung
Hệ thống phân loại hiện đại cho CIN là:,WHO,Bethesda,Gleason,FIGO,b,benh-ly-tu-cung
Dạ số CIN I:,Tiến triển thành ung thư,Tự thoái triển,Không điều trị được,Cắn cắt tử cung,b,benh-ly-tu-cung
CIN II và III:,Luôn luôn thoái triển,Không có liên quan đến HPV,Nguy cơ cao tiến triển thành ung thư,Không cần điều trị,c,benh-ly-tu-cung
Yếu tố nguy cơ của CIN KHÔNG BAO GỒM:,Hút thuốc lá,HPV nguy cơ cao,Suy giảm miễn dịch,Sử dụng vitamin D,d,benh-ly-tu-cung
Phát hiện CIN chủ yếu qua:,MRI,Pap smear,CT scanner,Siêu âm bung,b,benh-ly-tu-cung
Pap smear phát hiện:,Tăng sản nội mạc,Loạn sản cổ tử cung,Polyp nội mạc,U xơ tử cung,b,benh-ly-tu-cung
CIN thường không có triệu chứng ngoài trừ:,Đau đầu,Sốt,Khi hư kéo dài ra huyết bất thường,Tiêu chảy,c,benh-ly-tu-cung
HPV gây ung thư do:,Gây viêm cấp,Gây hoại từ mô,Ức chế gen p53 Rb,Làm tăng tiết dịch nhầy,c,benh-ly-tu-cung
Gen virus sinh ung chủ yếu của HPV:,E1 E2,E4 L1,E6 E7,L1 L2,c,benh-ly-tu-cung
HPV type nguy cơ cao phổ biến nhất là:,6 và 11,42 và 44,16 và 18,1 và 2,c,benh-ly-tu-cung
HPV có thể gây ung thư nào KHÔNG thuộc đường sinh dục:,Ấm đạo,Hầu môn,Hầu họng,Gan,d,benh-ly-tu-cung
HPV lây truyền chủ yếu qua:,Máu,Dịch tiểu hoá,Quan hệ tính dục,Hít phải giọt bắn,c,benh-ly-tu-cung
HPV có thể lây khi dùng chung:,Bàn chải đánh răng,Khăn mặt,Dỏ lót,Dỏ ăn,c,benh-ly-tu-cung
Cơ chế vaccine HPV dựa vào:,DNA virus sống,Tế bào bất hoạt,Virus-like particles (VLPs),Vi khuẩn chết,c,benh-ly-tu-cung
Vaccine HPV không chứa:,DNA virus,Protein L1,VLPs,Tác nhân gây ung thư,a,benh-ly-tu-cung
Vaccine HPV hiệu quả nhất khi:,Sau sinh con,Sau 40 tuổi,Trước khi quan hệ tính dục,Sau khi có HPV,c,benh-ly-tu-cung
Vaccine Gardasil 9 bảo vệ được:,2 type HPV,4 type HPV,9 type HPV,11 type HPV,c,benh-ly-tu-cung
Độ tuổi tiêm vaccine lý tưởng:,Trẻ gái 9-14 tuổi,Phụ nữ mang thai,Nam giới trên 50,Người sau điều trị ung thư,a,benh-ly-tu-cung
Pap smear phát hiện:,Koilocyte,Virus sống,DNA virus,Ung thư phôi,a,benh-ly-tu-cung
Phối hợp xét nghiệm HPV và Pap smear gọi là:,Biopsy,Co-testing,Triple test,Dual scan,b,benh-ly-tu-cung
Tế bào nghi ngờ trong Pap smear là:,Tế bào nang,Tế bào gai sừng hóa,Tế bào koilocyte,Tế bào vây bình thường,c,benh-ly-tu-cung
Vaccine HPV không khuyến cáo cho:,Người đị ứng thành phần,Phụ nữ sau mãn kinh,Người có CIN I,Người có tiền sử nhiễm HPV,a,benh-ly-tu-cung
Vaccine phòng được:,Tất cả các type HPV,Giảm 100% type nguy cơ cao,>90% type nguy cơ cao gây UTCTC,Chỉ HPV 6 và 11,c,benh-ly-tu-cung
Vaccine tạo ra:,Miễn dịch tế bào,Miễn dịch dịch thể,Miễn dịch thu động,Miễn dịch tự nhiên,b,benh-ly-tu-cung
Ung thư cổ tử cung phổ biến nhất là:,Adenocarcinoma,Carcinoma tế bào gai,Carcinoid,Lymphoma,b,benh-ly-tu-cung
Yếu tố nguy cơ lớn nhất là:,Quan hệ tính dục sớm,HPV,Hút thuốc,Viêm cổ tử cung,b,benh-ly-tu-cung
Carcinoma tế bào gai loại biệt hóa tốt có đặc điểm:,Cấu sừng rõ,Không có chất sừng,Tế bào nhỏ dị dạng,Xâm nhập mạch máu,a,benh-ly-tu-cung
Ung thư tuyến cổ trong chiểm:,70%,10-15%,50%,5%,b,benh-ly-tu-cung
CIN III không điều trị sẽ tiến thành:,Polyp cổ tử cung,Ung thư cổ tử cung xâm nhập,U xơ tử cung,Carcinoid,b,benh-ly-tu-cung
Viêm nội mạc tử cung thường xảy ra sau các tính huống nào?,Mãn kinh,Quan hệ tính dục lần đầu,Sau sinh sảy thai hoặc thủ thuật buông từ cung,Phẫu thuật vú,c,benh-ly-tu-cung
Vi khuẩn nào sau đây thường gặp trong viêm nội mạc tử cung?,Bacillus anthracis,Streptococcus,Helicobacter pylori,Clostridium tetani,b,benh-ly-tu-cung
Viêm nội mạc tử cung mạn tính thường có tế bào viêm nào đặc trưng?,Bạch cầu da nhân,Tế bào mast,Tương bào,Bạch cầu ái toàn,c,benh-ly-tu-cung
Biểu hiện mô học của viêm cấp là?,Xơ hóa mô đêm,Xâm nhập lympho báo,Thâm nhập bạch cầu da nhân trung tính,Giãn tuyến nội mạc,c,benh-ly-tu-cung
Lao nội mạc tử cung do tác nhân nào gây ra?,Mycoplasma genitalium,Mycobacterium tuberculosis,Neisseria gonorrhoeae,Candida albicans,b,benh-ly-tu-cung
Bệnh tuyến cơ tử cung phổ biến ở độ tuổi nào?,20-30 tuổi,15-25 tuổi,35-50 tuổi,Trên 60 tuổi,c,benh-ly-tu-cung
Adenomyosis là sự hiện diện của mô nào ở vị trí bất thường?,Mô lympho,Mô thần kinh,Mô nội mạc tử cung trong cơ tử cung,Mô xương trong nội mạc tử cung,c,benh-ly-tu-cung
Một triệu chứng đặc trưng của adenomyosis là?,Khó thở,Tăng huyết áp,Đau bung kinh,Viêm khớp,c,benh-ly-tu-cung
Đặc điểm về thể nào sau đây dùng với adenomyosis?,Tế bào gai,Tuyến nội mạc và mô đêm trong cơ tử cung,U mô đêm không biết hóa,Tế bào hạt dạng da nhân,b,benh-ly-tu-cung
Biểu hiện đại thể thường thấy của tử cung trong adenomyosis là?,Nhỏ gọn và mềm,Dạng nước rỗ rết,To ra với cơ dạng bề mềm,Loét và chảy máu rỗ,c,benh-ly-tu-cung
Lạc nội mạc tử cung thường xảy ra ở vị trí nào nhiều nhất?,Cổ tử cung,Thành bung,Buồng trứng,Phổi,c,benh-ly-tu-cung
Tỉ lệ phụ nữ mắc lạc nội mạc tử cung trong độ tuổi sinh sản là?,1-2%,5-15%,25-35%,50%,b,benh-ly-tu-cung
Cơ chế bệnh sinh được chấp nhận nhiều nhất là?,Nhiễm trùng,Dị ứng,Kinh nguyết ngược dòng,Thiếu máu,c,benh-ly-tu-cung
Đại thực bảo chứa hemosiderin là đặc điểm vì thế của?,Viêm nội mạc tử cung,Tăng sản,Lạc nội mạc tử cung,U cơ trơn,c,benh-ly-tu-cung
Triệu chứng làm sáng chính của bệnh là?,Sốt cao,Đau vùng chậu và vô sinh,Tăng cân,Chảy máu cam,b,benh-ly-tu-cung
Tăng sản nội mạc tử cung xảy ra khi nào?,Thiếu Estrogen,Progesterone vượt trội,Estrogen tăng cao kéo dài không bị đối kháng bởi Progesterone,Testosterone tăng cao,c,benh-ly-tu-cung
Yếu tố nguy cơ hàng đầu gây tăng sản nội mạc tử cung là?,Viêm gan B,Béo phì,Thiếu máu,Suy tuyến thượng thận,b,benh-ly-tu-cung
Thuốc Tamoxifen có thể gây tăng sản vì?,Gây ức chế androgen,Là chất chủ vận Estrogen ở nội mạc tử cung,Là chất đối kháng Estrogen hoàn toàn,Gây teo mô đêm,b,benh-ly-tu-cung
Hình ảnh mô học của tăng sản không điển hình là?,Tuyến phân bổ thưa kích thước nhỏ,Tuyến sát nhau nhân không dị dạng,Tuyến lớn mất phân cực nhân nhượng sắc,Hoại từ tuyến,c,benh-ly-tu-cung
Biểu hiện lâm sàng phổ biến nhất là?,Đau đầu,Xuất huyết tử cung bất thường,Buồn nôn,Bí tiêu,b,benh-ly-tu-cung
Polyp nội mạc là loại u nào?,U mạch,U lympho,U lành tính mô đêm nối mạc có tính đơn dòng,U cơ trơn,c,benh-ly-tu-cung
Polyp thường gặp ở phụ nữ:,Trẻ tuổi,Mãn kinh,Sau sinh,Mang thai,b,benh-ly-tu-cung
Một biểu hiện tiêm ẩn của polyp nội mạc là?,Thoái hóa bọc,Dị cắn gan,Ác tính hóa,Gây xương,c,benh-ly-tu-cung
Tổn thương mô học thường thấy là?,Tuyến nhỏ thưa,Mô đêm xơ nhiều tuyến giãn rộng,Cấu trúc sarcoma,Viêm mủ,b,benh-ly-tu-cung
Vị trí phổ biến nhất của polyp là?,Eo tử cung,Đáy tử cung,Cổ tử cung,Đáy chảng rộng,b,benh-ly-tu-cung
U cơ trơn là u:,Ác tính,Trung gian,Lành tính phổ biến nhất,Không phân loại được,c,benh-ly-tu-cung
Yếu tố nào kích thích u cơ trơn phát triển?,Progesterone,Estrogen,Androgen,Insulin,b,benh-ly-tu-cung
Vị thế của u cơ trơn cho thấy tế bào?,Hình trộn nhân nhỏ,Hình thoi nhân bầu dục ít phân báo,Nhân dị dạng phân báo cao,Bào tương ưa bazô,b,benh-ly-tu-cung
Tổn thương đại thể nào sau đây dùng với u cơ trơn?,Màu đỏ tươi chảy dịch,Mặt cắt trắng xám dạng cuộn,U mềm nhầy,Tăng sinh tuyến,b,benh-ly-tu-cung
U dưới nội mạc thường gây?,Bí tiêu,Xuất huyết tử cung bất thường,Vô sinh nam,Hoại từ buồng trứng,b,benh-ly-tu-cung
Loại ung thư nội mạc tử cung thường gặp nhất là?,Sarcoma,Carcinoma tuyến,U lympho,U cơ trơn ác tính,b,benh-ly-tu-cung
Tần suất ung thư nội mạc tử cung cao nhất ở vùng?,Đông Nam Á,Châu Âu và Bắc Mỹ,Trung Đông,Châu Phi,b,benh-ly-tu-cung
Yếu tố nguy cơ không thuộc về nội tiết là?,Béo phì,Tiểu đường,Tăng huyết áp,Hút thuốc lá,d,benh-ly-tu-cung
Hình thái mô học của carcinoma biệt hóa tốt (grad 1) là?,Tế bào không biệt hóa,Tạo ống tuyến rõ đâm đặc <5%,Tăng sản không điển hình,Nhân không chia,b,benh-ly-tu-cung
Đường đi cấn phổ biến của ung thư nội mạc là?,Hạch nách,Hạch cổ,Hạch chậu hạch ben,Hạch cổ tử cung,c,benh-ly-tu-cung
Viêm nội mạc tử cung cấp thường do?,Nhiễm nấm,Nhiễm virus,Nhiễm khuẩn sau sinh,Do u,c,benh-ly-tu-cung
Lạc nội mạc tử cung có thể gây biến chứng?,Xơ gan,Viêm phổi quán,Vô sinh,Hạ canxi máu,c,benh-ly-tu-cung
Tăng sản điển hình có thể tiến triển thành?,Viêm từ cung,Polyp,Ung thư tuyến nội mạc,U nang,c,benh-ly-tu-cung
Tăng sản điển hình có thể tiến triển thành?,Viêm từ cung,Polyp,Ung thư tuyến nội mạc,U nang,c,benh-ly-tu-cung
U cơ trơn tử cung thoái hóa có thể biểu hiện?,Tăng phân bào mạnh,Xuất huyết hoại tử hóa bọc,Dị sản tuyến,Không thay đổi,b,benh-ly-tu-cung
Phân biệt giữa tăng sản và ung thư dựa vào?,Ti lệ tuyến/mô đêm,Kích thước tử cung,Loại vi khuẩn gây bệnh,Mức độ viêm,a,benh-ly-tu-cung
Trong viêm nội mạc tử cung man tính do lao mô đêm thường có gì?,Vì thế bình thường,Mạch máu tăng sinh,Hạt viêm dạng lao,Dị sản biểu mô,c,benh-ly-tu-cung
Trong adenomyosis tuyến nội mạc tử cung thường năm ở giai đoạn nào?,Nghi,Phát triển,Teo,Hoại từ,b,benh-ly-tu-cung
Trong lạc nội mạc tử cung mô đêm có thể biến đổi thành?,Xương,Biểu mô gai,Mô cơ trơn,U hạt,c,benh-ly-tu-cung
Tăng sản nội mạc tử cung không điển hình có nguy cơ tiến triển thành ung thư?,Cao hơn tăng sản không điển hình,Thấp hơn,Không có nguy cơ,Ngược lại,a,benh-ly-tu-cung
Đặc điểm nào sau đây KHÔNG phù hợp với polyp nội mạc tử cung?,Mô đêm xơ hóa,Nhiều mạch máu,Mặt cắt mềm nhũn hoại từ,Tuyến giãn rộng,c,benh-ly-tu-cung
U cơ trơn tử cung thường có hình dạng đại thế như thế nào?,Đâm rải rác trong nội mạc,Dạng polyp nhỏ,U trộn giới hạn rõ chắc,Tổ chức mềm dạng nhầy,c,benh-ly-tu-cung
Carcinoma nội mạc tử cung grad 3 khác biệt với grad 1 ở điểm nào?,Có nhân đông nhất,Tạo ống tuyến rõ,Tỉ lệ đâm đặc > 50%,Không dị dạng tế bào,c,benh-ly-tu-cung
Một trường hợp bệnh nhân chảy máu tử cung bất thường nên nghi ngờ đến những không phải u nang buồng trứng đầu tiên?,Viêm mạn tính,Tăng sản nội mạc tử cung,U nang buồng trứng,Thiếu máu mạn,b,benh-ly-tu-cung
Tác nhân chính gây viêm nội mạc tử cung sau sinh là?,Candida,Vi khuẩn ký khi hôn hợp,Vi rút Herpes,Tế bào miễn dịch,b,benh-ly-tu-cung
Trong bệnh lý thần tứ cung tình trạng nào có thể gây từ cung không phải ư?,Polyp,Viêm cấp,Adenomyosis,Tăng sản tuyến,c,benh-ly-tu-cung
Ung thư vú là bệnh ung thư phổ biến nhất ở phụ nữ chiếm khoảng bao nhiêu phần trăm tổng số ca ung thư mới trên toàn cầu?,10%,15%,25%,40%,c,u-tuyen-vu
Yếu tố nguy cơ chính của ung thư vú là gì?,Nhiễm virus HPV,Tiếp xúc với tia UV,Đột biến BRCA1/BRCA2,Nhiễm vi khuẩn Helicobacter pylori,c,u-tuyen-vu
Đột biến BRCA1 và BRCA2 làm tăng nguy cơ mắc ung thư vú lên bao nhiêu lần so với dân số chung?,2–5 lần,5–10 lần,10–20 lần,Không liên quan đến nguy cơ ung thư vú,b,u-tuyen-vu
Yếu tố nào dưới đây có thể làm giảm nguy cơ ung thư vú?,Béo phì,Dùng liệu pháp hormone thay thế,Cho con bú,Tiền sử gia đình có người mắc ung thư vú,c,u-tuyen-vu
Yếu tố nào KHÔNG làm tăng nguy cơ ung thư vú?,Dậy thì sớm,Mãn kinh muộn,Tập thể dục thường xuyên,Tiền sử xạ trị vùng ngực,c,u-tuyen-vu
Dạng ung thư vú xâm lấn phổ biến nhất là gì?,Ung thư tiểu thùy xâm lấn,Ung thư thể nhầy,Ung thư ống tuyến xâm lấn,Ung thư dạng nội mạc,c,u-tuyen-vu
Ung thư vú dạng nào có tiên lượng tốt nhất?,Ung thư dạng tủy,Ung thư thể ống tuyến nhỏ,Ung thư thể nhầy,Ung thư vú ba âm tính,b,u-tuyen-vu
Độ mô học nào có tiên lượng xấu nhất trong ung thư vú?,Độ 1,Độ 2,Độ 3,Không liên quan đến tiên lượng,c,u-tuyen-vu
Loại ung thư vú nào có khuynh hướng lan rộng nhưng khó phát hiện trên hình ảnh học?,Ung thư ống tuyến xâm lấn,Ung thư tiểu thùy xâm lấn,Ung thư vú ba âm tính,Ung thư biểu mô nhầy,b,u-tuyen-vu
Dấu ấn phân tử nào liên quan đến tiên lượng tốt hơn trong ung thư vú?,HER2 dương tính,Ki-67 cao,POLE đột biến,p53 đột biến,c,u-tuyen-vu
Đột biến nào thường gặp trong ung thư vú di truyền?,TP53,PIK3CA,BRCA1/BRCA2,KRAS,c,u-tuyen-vu
Ung thư vú ba âm tính có đặc điểm gì?,"ER (+), PR (+), HER2 (+)","ER (-), PR (-), HER2 (-)","ER (+), PR (-), HER2 (-)","ER (-), PR (+), HER2 (+)",b,u-tuyen-vu
Phân nhóm phân tử nào của ung thư vú có tiên lượng tốt nhất?,Luminal A,Luminal B,HER2 dương tính,Triple-negative,a,u-tuyen-vu
HER2 khuếch đại có liên quan đến cơ chế nào trong ung thư vú?,Mất điều hòa chu kỳ tế bào,Tăng hoạt động tyrosine kinase,Giảm sửa chữa DNA,Ức chế miễn dịch,b,u-tuyen-vu
Ki-67 là chỉ số gì trong ung thư vú?,Tỷ lệ phân bào,Mức độ hoại tử,Đáp ứng miễn dịch,Đột biến gen,a,u-tuyen-vu
Triệu chứng sớm nhất thường gặp của ung thư vú là gì?,Đau vú,Chảy dịch núm vú,Khối u sờ thấy,Tụt núm vú,c,u-tuyen-vu
Chụp nhũ ảnh có giá trị nhất ở nhóm phụ nữ nào?,Dưới 30 tuổi,30-40 tuổi,Sau mãn kinh,Nam giới,c,u-tuyen-vu
Sinh thiết vú nào được ưu tiên để chẩn đoán mô bệnh học?,Chọc hút kim nhỏ (FNA),Sinh thiết kim lõi,Sinh thiết lỏng,Sinh thiết cắt bỏ,b,u-tuyen-vu
CA 15-3 là dấu ấn sinh học dùng để làm gì trong ung thư vú?,Sàng lọc sớm,Chẩn đoán xác định,Theo dõi tái phát,Đánh giá đáp ứng điều trị,c,u-tuyen-vu
Hệ thống phân giai đoạn nào được dùng trong ung thư vú?,FIGO,Ann Arbor,TNM,Dukes,c,u-tuyen-vu
Điều trị nào là nền tảng chính cho ung thư vú giai đoạn sớm?,Hóa trị,Xạ trị,Phẫu thuật,Liệu pháp miễn dịch,c,u-tuyen-vu
Phẫu thuật bảo tồn vú thường được chỉ định khi nào?,Giai đoạn IV,Giai đoạn sớm,Ung thư ba âm tính,Di căn xa,b,u-tuyen-vu
Thuốc nào là liệu pháp đích cho ung thư vú HER2 dương tính?,Tamoxifen,Trastuzumab,Letrozole,Bevacizumab,b,u-tuyen-vu
Ung thư vú ba âm tính có phác đồ điều trị nào hiệu quả nhất?,Hóa trị dựa trên anthracycline và taxane,Liệu pháp nội tiết,Liệu pháp kháng HER2,Xạ trị đơn thuần,a,u-tuyen-vu
Liệu pháp nội tiết nào được sử dụng cho ung thư vú ER dương tính?,Trastuzumab,Tamoxifen,Cisplatin,Paclitaxel,b,u-tuyen-vu
Ung thư vú giai đoạn nào có tiên lượng tốt nhất?,Giai đoạn I,Giai đoạn II,Giai đoạn III,Giai đoạn IV,a,u-tuyen-vu
Khi ung thư vú di căn xa cơ quan nào thường bị ảnh hưởng nhất?,Phổi,Xương,Não,Gan,b,u-tuyen-vu
Giai đoạn III của ung thư vú đặc trưng bởi điều gì?,Di căn xa,Xâm lấn da thành ngực hoặc hạch nách cố định,Giới hạn trong tuyến vú,Không xâm lấn hạch,b,u-tuyen-vu
Đặc điểm nào là dấu hiệu tiên lượng xấu trong ung thư vú?,ER dương tính,HER2 âm tính,Ki-67 cao (>20%),Kích thước u <2 cm,c,u-tuyen-vu
Ung thư vú ba âm tính có tiên lượng như thế nào so với các loại khác?,Tốt hơn,Trung bình,Xấu hơn,Không ảnh hưởng,c,u-tuyen-vu
Dấu ấn sinh học nào giúp đánh giá nguy cơ tái phát ung thư vú?,CA 15-3,AFP,PSA,CEA,a,u-tuyen-vu
Dấu ấn nào liên quan đến ung thư vú có HER2 dương tính?,Ki-67,p53,HER2/neu,CA 19-9,c,u-tuyen-vu
Xét nghiệm nào có thể giúp xác định nguy cơ di truyền ung thư vú?,Định lượng ER PR,Phân tích BRCA1/BRCA2,Chụp nhũ ảnh,Xét nghiệm CA 125,b,u-tuyen-vu
Bộ xét nghiệm nào có thể giúp xác định bệnh nhân có cần hóa trị hay không?,Oncotype DX,Mammography,CA 19-9,Xét nghiệm máu tổng quát,a,u-tuyen-vu
Phương pháp nào là tiêu chuẩn vàng trong xác định HER2 dương tính?,Xét nghiệm miễn dịch mô hóa (IHC),Xét nghiệm sinh hóa,PCR,Định lượng CA 15-3,a,u-tuyen-vu
Phẫu thuật nào được áp dụng cho bệnh nhân ung thư vú giai đoạn sớm?,Cắt bỏ toàn bộ tuyến vú,Phẫu thuật bảo tồn vú,Hóa trị đơn thuần,Liệu pháp miễn dịch,b,u-tuyen-vu
Trastuzumab được sử dụng trong điều trị ung thư vú có đặc điểm nào?,ER dương tính,PR âm tính,HER2 dương tính,Triple-negative,c,u-tuyen-vu
Tamoxifen có cơ chế hoạt động như thế nào?,Ức chế HER2,Chống estrogen tại mô vú,Kích thích thụ thể androgen,Ức chế tyrosine kinase,b,u-tuyen-vu
Trong ung thư vú giai đoạn III phương pháp điều trị nào thường được chỉ định đầu tiên?,Hóa trị tân bổ trợ,Xạ trị,Liệu pháp miễn dịch,Phẫu thuật ngay lập tức,a,u-tuyen-vu
Chỉ định nào phù hợp nhất cho liệu pháp ức chế CDK4/6 (như palbociclib)?,Ung thư vú ba âm tính,HER2 dương tính,ER dương tính HER2 âm tính,Không có thụ thể nội tiết,c,u-tuyen-vu
Khi nào xạ trị thường được chỉ định sau phẫu thuật ung thư vú?,Luôn luôn,Khi có di căn xa,Sau phẫu thuật bảo tồn vú,Khi bệnh nhân từ chối hóa trị,c,u-tuyen-vu
Hóa trị nào là phổ biến nhất trong ung thư vú?,Methotrexate đơn thuần,Cisplatin + Etoposide,Doxorubicin + Cyclophosphamide,Bevacizumab,c,u-tuyen-vu
Chỉ định nào phù hợp nhất cho liệu pháp miễn dịch với Pembrolizumab?,HER2 dương tính,ER dương tính,Triple-negative với biểu hiện PD-L1,Ung thư vú tại chỗ,c,u-tuyen-vu
Thuốc nào là lựa chọn hàng đầu cho bệnh nhân ung thư vú có đột biến BRCA?,Olaparib,Tamoxifen,Trastuzumab,Cyclophosphamide,a,u-tuyen-vu
Sau phẫu thuật nếu ung thư vú có di căn hạch liệu pháp nào thường được chỉ định?,Theo dõi không điều trị,Chỉ xạ trị,Hóa trị bổ trợ,Phẫu thuật lại,c,u-tuyen-vu
ADC (Antibody-Drug Conjugate) nào đang được nghiên cứu trong ung thư vú?,Trastuzumab Deruxtecan,Bevacizumab,Letrozole,Paclitaxel,a,u-tuyen-vu
Phương pháp nào có thể theo dõi tái phát ung thư vú sớm?,Chụp nhũ ảnh,Siêu âm,Sinh thiết lỏng,MRI,c,u-tuyen-vu
Liệu pháp miễn dịch chủ yếu nhắm vào mục tiêu nào trong ung thư vú?,HER2,PD-1/PD-L1,EGFR,VEGF,b,u-tuyen-vu
Chỉ số nào có thể giúp đánh giá nguy cơ tái phát trong ung thư vú ER dương tính?,HER2,Oncotype DX,CA 19-9,AFP,b,u-tuyen-vu
Chất ức chế PARP được dùng để điều trị ung thư vú có đột biến nào?,TP53,BRCA1/BRCA2,PIK3CA,HER2,b,u-tuyen-vu
Một bệnh nhân nữ 45 tuổi có ung thư vú ER dương tính PR dương tính HER2 âm tính. Liệu pháp nào phù hợp nhất?,Trastuzumab,Tamoxifen,Bevacizumab,Cisplatin,b,u-tuyen-vu
Một bệnh nhân có ung thư vú ba âm tính di căn gan. Phương pháp điều trị tối ưu?,Liệu pháp nội tiết,Xạ trị,Hóa trị + Miễn dịch trị liệu,Phẫu thuật,c,u-tuyen-vu
Bệnh nhân 55 tuổi có khối u vú HER2 dương tính phương pháp điều trị nào hiệu quả nhất?,Tamoxifen,Trastuzumab + Hóa trị,Liệu pháp miễn dịch,Chỉ xạ trị,b,u-tuyen-vu
Một bệnh nhân trẻ phát hiện BRCA1 đột biến lựa chọn dự phòng nào hợp lý nhất?,Theo dõi định kỳ,Hóa trị dự phòng,Cắt bỏ tuyến vú dự phòng,Liệu pháp miễn dịch,c,u-tuyen-vu
Một bệnh nhân ung thư vú có HER2 dương tính sau 1 năm tái phát di căn. Lựa chọn tiếp theo?,Trastuzumab + Paclitaxel,Tamoxifen,Liệu pháp miễn dịch,Chỉ xạ trị,a,u-tuyen-vu
Một bệnh nhân nữ 35 tuổi được chẩn đoán ung thư vú giai đoạn II có ER dương tính HER2 âm tính. Liệu pháp nào được ưu tiên sau phẫu thuật?,Xạ trị đơn thuần,Hóa trị + Tamoxifen,Chỉ theo dõi định kỳ,Chỉ hóa trị,b,u-tuyen-vu
Trong ung thư vú di căn xương phương pháp điều trị bổ trợ nào thường được sử dụng?,Hóa trị liều cao,Bisphosphonates,Phẫu thuật cắt bỏ tuyến vú,Xạ trị toàn thân,b,u-tuyen-vu
Một bệnh nhân có ung thư vú giai đoạn IV di căn gan ER âm tính HER2 dương tính. Liệu pháp nào tối ưu?,Liệu pháp nội tiết,Trastuzumab + Pertuzumab + Hóa trị,Chỉ xạ trị gan,Theo dõi định kỳ,b,u-tuyen-vu
Một bệnh nhân ung thư vú ba âm tính giai đoạn tiến triển có biểu hiện PD-L1 dương tính. Điều trị nào phù hợp nhất?,Hóa trị + Pembrolizumab,Tamoxifen,Xạ trị đơn thuần,Liệu pháp nội tiết,a,u-tuyen-vu
Một bệnh nhân có tiền sử gia đình mắc ung thư vú xét nghiệm phát hiện đột biến BRCA1. Bệnh nhân chưa mắc ung thư phương pháp dự phòng nào phù hợp?,Phẫu thuật cắt bỏ tuyến vú dự phòng,Chỉ theo dõi mỗi năm,Dùng hóa trị liều thấp,Liệu pháp miễn dịch,a,u-tuyen-vu
U buồng trứng phát sinh từ loại tế bào nào?,Tế bào cơ,Tế bào nội mô,Tế bào biểu mô - tế bào mầm và mô đệm,Tế bào thần kinh,c,u-buong-trung
Loại u nào chiếm tỷ lệ cao nhất trong u buồng trứng?,U tế bào mầm,U biểu mô,U dây sinh dục – mô đệm,U di căn,b,u-buong-trung
Ung thư buồng trứng phổ biến nhất thuộc nhóm nào?,Ung thư thanh dịch độ cao,Ung thư nhầy,Ung thư tế bào sáng,Ung thư nội mạc tử cung,a,u-buong-trung
Ung thư buồng trứng có tỷ lệ tử vong cao nhất trong nhóm nào?,Ung thư cổ tử cung,Ung thư nội mạc tử cung,Ung thư buồng trứng,Ung thư âm đạo,c,u-buong-trung
Loại u buồng trứng nào thường gặp ở phụ nữ trẻ?,U tế bào mầm,U biểu mô,U dây sinh dục – mô đệm,U di căn,a,u-buong-trung
Tỷ lệ ung thư buồng trứng cao nhất ở nhóm tuổi nào?,Dưới 20 tuổi,20 – 30 tuổi,50 – 70 tuổi,Trên 80 tuổi,c,u-buong-trung
Khu vực nào có tỷ lệ ung thư buồng trứng cao nhất?,Châu Phi,Bắc Mỹ và Châu Âu,Đông Nam Á,Trung Đông,b,u-buong-trung
Yếu tố nguy cơ lớn nhất của ung thư buồng trứng là gì?,Sinh con nhiều,Đột biến BRCA1/2,Hút thuốc lá,Sử dụng thuốc tránh thai,b,u-buong-trung
U buồng trứng nào liên quan đến hội chứng Lynch?,Ung thư thanh dịch,Ung thư nội mạc tử cung,Ung thư tế bào sáng,U quái trưởng thành,b,u-buong-trung
U tế bào mầm phổ biến nhất là?,U loạn sản,U quái trưởng thành,U túi noãn hoàng,U tế bào Sertoli-Leydig,b,u-buong-trung
U buồng trứng nào có nguy cơ ác tính cao nhất?,U thanh dịch độ thấp,U thanh dịch độ cao,U nang nhầy,U nội mạc tử cung,b,u-buong-trung
U nào có thể chứa mô thần kinh - lông - răng?,U quái trưởng thành,U loạn sản,U nội mạc tử cung,U tế bào sáng,a,u-buong-trung
Đặc điểm mô học của ung thư tế bào sáng là gì?,Chứa nhiều tế bào hình đinh ghim,Nhân hình bầu dục - tăng sinh mạnh,Nhân nhỏ - sắp xếp dạng tuyến,Cấu trúc giống ruột,a,u-buong-trung
U nào thường liên quan đến lạc nội mạc tử cung?,Ung thư thanh dịch,Ung thư nội mạc tử cung,U quái trưởng thành,U loạn sản,b,u-buong-trung
U buồng trứng nào có thể gây nam hóa?,U tế bào hạt,U tế bào Sertoli-Leydig,U quái trưởng thành,U loạn sản,b,u-buong-trung
Đột biến nào liên quan đến ung thư buồng trứng di truyền?,TP53,BRCA1/2,KRAS,MYC,b,u-buong-trung
Đột biến TP53 thường gặp trong?,Ung thư thanh dịch độ cao,Ung thư nội mạc tử cung,U tế bào mầm,U dây sinh dục – mô đệm,a,u-buong-trung
Dấu ấn sinh học nào được sử dụng phổ biến nhất để theo dõi ung thư buồng trứng?,CEA,CA125,AFP,hCG,b,u-buong-trung
Phương pháp hình ảnh đầu tiên được sử dụng để phát hiện u buồng trứng?,X-quang,Siêu âm qua ngả âm đạo,CT scan,MRI,b,u-buong-trung
Dấu hiệu nào giúp phân biệt u buồng trứng lành tính với ác tính trên siêu âm?,Kích thước khối u,Bờ không đều - có vách dày - tăng sinh mạch,Dịch trong nang,Không có triệu chứng,b,u-buong-trung
Hệ thống phân giai đoạn nào thường dùng cho ung thư buồng trứng?,TNM,FIGO,Ann Arbor,Dukes,b,u-buong-trung
Phương pháp điều trị chính cho ung thư buồng trứng giai đoạn sớm?,Xạ trị,Hóa trị,Phẫu thuật,Liệu pháp miễn dịch,c,u-buong-trung
Hóa trị nào thường dùng cho ung thư buồng trứng?,Methotrexate,Paclitaxel + Carboplatin,Vincristine,Adriamycin,b,u-buong-trung
Khi nào cần chỉ định liệu pháp PARP inhibitors (Olaparib)?,Khi có đột biến BRCA,Khi bệnh nhân không đáp ứng hóa trị,Khi u có kích thước lớn,Khi bệnh nhân không có triệu chứng,a,u-buong-trung
Yếu tố tiên lượng quan trọng nhất của ung thư buồng trứng?,Loại mô học,Giai đoạn bệnh khi chẩn đoán,Kích thước khối u,Đột biến KRAS,b,u-buong-trung
Tỷ lệ sống 5 năm của ung thư buồng trứng giai đoạn sớm là?,30%,50%,70%,>90%,d,u-buong-trung
Điều trị nào thường áp dụng cho ung thư buồng trứng giai đoạn muộn?,Phẫu thuật đơn thuần,Hóa trị kết hợp phẫu thuật,Xạ trị đơn thuần,Điều trị nội tiết,b,u-buong-trung
Xạ trị có vai trò gì trong điều trị ung thư buồng trứng?,Điều trị chính,Điều trị hỗ trợ giai đoạn sớm,Điều trị giảm nhẹ triệu chứng,Không có vai trò trong ung thư buồng trứng,c,u-buong-trung
Hóa trị nào thường dùng cho u tế bào mầm ác tính?,BEP (Bleomycin - Etoposide - Cisplatin),CHOP,FOLFIRI,Tamoxifen,a,u-buong-trung
Tại sao liệu pháp miễn dịch chưa phổ biến trong ung thư buồng trứng?,Ung thư buồng trứng không biểu hiện PD-L1,Cơ chế kháng nguyên thấp,Thiếu thuốc điều trị,Không có nghiên cứu nào về liệu pháp miễn dịch,b,u-buong-trung
HE4 là dấu ấn sinh học thường được kết hợp với CA125 trong?,Theo dõi điều trị ung thư buồng trứng,Phân biệt u lành tính và ác tính,Chẩn đoán ung thư cổ tử cung,Đánh giá đáp ứng với hóa trị,b,u-buong-trung
Chỉ số ROMA (Risk of Ovarian Malignancy Algorithm) kết hợp hai dấu ấn sinh học nào?,CA125 và AFP,HE4 và CEA,HE4 và CA125,BRCA1 và BRCA2,c,u-buong-trung
Xét nghiệm nào giúp xác định nguy cơ di truyền ung thư buồng trứng?,PCR,Giải trình tự gen BRCA1/2,CA125,Test nhanh HPV,b,u-buong-trung
Phương pháp nào có độ nhạy cao nhất trong phát hiện sớm ung thư buồng trứng?,Siêu âm qua ngả âm đạo,Chụp MRI,PET-CT,X-quang ngực,a,u-buong-trung
Ung thư buồng trứng giai đoạn muộn thường di căn đến cơ quan nào?,Phổi,Gan,Màng bụng (phúc mạc),Não,c,u-buong-trung
Biến chứng phổ biến của ung thư buồng trứng giai đoạn tiến triển?,Cổ trướng,Tắc ruột,Tràn dịch màng phổi,Tất cả các đáp án trên,a,u-buong-trung
Hội chứng Meigs liên quan đến loại u nào?,U quái trưởng thành,U sợi buồng trứng,U thanh dịch,U nhầy,b,u-buong-trung
Nguyên nhân chính gây tử vong ở bệnh nhân ung thư buồng trứng?,Chảy máu,Suy thận,Suy đa tạng do di căn phúc mạc,Đột quỵ,c,u-buong-trung
Yếu tố nào dưới đây KHÔNG ảnh hưởng đến tiên lượng ung thư buồng trứng?,Giai đoạn bệnh,Đột biến BRCA1/2,Mức CA125,Số lần mang thai,d,u-buong-trung
U nào có tiên lượng tốt nhất trong nhóm u tế bào mầm?,U quái không trưởng thành,U loạn sản,U túi noãn hoàng,U quái trưởng thành,d,u-buong-trung
Tỷ lệ sống 5 năm của bệnh nhân ung thư buồng trứng giai đoạn IV?,10%,30%,50%,70%,b,u-buong-trung
Yếu tố nào giúp cải thiện tiên lượng ung thư buồng trứng?,Điều trị sớm khi chưa có triệu chứng,Chỉ định hóa trị ngay cả khi u lành tính,Không thực hiện phẫu thuật,Không cần theo dõi sau điều trị,a,u-buong-trung
"Bệnh nhân nữ 55 tuổi, có cổ trướng, CA125 tăng cao, khối u buồng trứng lớn. Chẩn đoán phù hợp nhất?",U tế bào mầm,Ung thư buồng trứng giai đoạn muộn,U buồng trứng giáp biên,Lạc nội mạc tử cung,b,u-buong-trung
Một phụ nữ trẻ có khối u buồng trứng và AFP tăng cao. Chẩn đoán phù hợp nhất?,Ung thư nội mạc tử cung,U tế bào sáng,U túi noãn hoàng,U quái trưởng thành,c,u-buong-trung
"Bệnh nhân nữ 30 tuổi, u buồng trứng, triệu chứng nam hóa. Loại u nào phù hợp nhất?",U quái trưởng thành,U tế bào Sertoli-Leydig,Ung thư thanh dịch,U nội mạc tử cung,b,u-buong-trung
Một bệnh nhân được chẩn đoán ung thư buồng trứng thanh dịch độ cao. Phương pháp điều trị phù hợp?,Hóa trị đơn thuần,Phẫu thuật cắt bỏ + Hóa trị,Theo dõi định kỳ,Điều trị nội tiết,b,u-buong-trung
Chất ức chế PARP (Olaparib) có hiệu quả nhất ở bệnh nhân nào?,Đột biến BRCA1/2,Đột biến TP53,Đột biến KRAS,Ung thư buồng trứng lành tính,a,u-buong-trung
Bevacizumab là liệu pháp nhắm vào yếu tố nào?,VEGF,EGFR,HER2,CD20,a,u-buong-trung
Liệu pháp miễn dịch nào đang được thử nghiệm cho ung thư buồng trứng?,Pembrolizumab,Rituximab,Tamoxifen,Vincristine,a,u-buong-trung
Phương pháp nào có tiềm năng phát hiện sớm ung thư buồng trứng trong tương lai?,Liquid biopsy,Xét nghiệm glucose máu,Nội soi tử cung,Chụp X-quang bụng,a,u-buong-trung
Nghiên cứu hiện nay đang tập trung vào yếu tố nào để phát hiện sớm ung thư buồng trứng?,Dấu ấn sinh học mới,Xét nghiệm glucose máu,Chế độ ăn uống,Giảm cân,a,u-buong-trung
Một chiến lược phòng ngừa ung thư buồng trứng ở nhóm nguy cơ cao?,Phẫu thuật cắt buồng trứng dự phòng,Không cần theo dõi,Hóa trị dự phòng,Dùng thuốc tránh thai,a,u-buong-trung
Loại u buồng trứng nào đang có thử nghiệm liệu pháp miễn dịch?,Ung thư thanh dịch độ cao,U tế bào mầm,U quái trưởng thành,U nhầy,a,u-buong-trung
Yếu tố nào giúp cải thiện phát hiện sớm ung thư buồng trứng?,Xét nghiệm máu kết hợp siêu âm,Chỉ dựa vào CA125,Không cần theo dõi,Nội soi ổ bụng định kỳ,a,u-buong-trung
"Một phụ nữ 45 tuổi đến khám vì đau bụng kéo dài, khám phát hiện khối u buồng trứng lớn. Xét nghiệm nào cần thực hiện đầu tiên?",CA125,Xét nghiệm glucose,Test nhanh HPV,Chụp X-quang ngực,a,u-buong-trung
Đột biến nào có liên quan đến ung thư buồng trứng di truyền?,BRCA1/2,TP53,KRAS,HER2,a,u-buong-trung
Phương pháp nào giúp phân biệt giữa u buồng trứng lành tính và ác tính?,Chỉ số ROMA,Xét nghiệm glucose,Nội soi dạ dày,Siêu âm gan,a,u-buong-trung
Tại sao siêu âm qua ngả âm đạo có giá trị trong chẩn đoán u buồng trứng?,Phát hiện sớm khối u nhỏ,Chỉ sử dụng trong giai đoạn muộn,Không phân biệt được lành tính hay ác tính,Ít có giá trị trong đánh giá bệnh,a,u-buong-trung
"Ở bệnh nhân có nguy cơ cao ung thư buồng trứng, phương pháp nào giúp giảm nguy cơ mắc bệnh?",Cắt buồng trứng dự phòng,Chỉ theo dõi định kỳ,Hóa trị dự phòng,Chế độ ăn giàu đạm,a,u-buong-trung
"Khi ung thư buồng trứng đã di căn phúc mạc, phương pháp điều trị nào thường được sử dụng?",Hóa trị toàn thân,Xạ trị,Nội soi cắt khối u,Điều trị nội tiết,a,u-buong-trung
Viêm hạch lymphô là gì?,Sự tăng sinh ác tính của hạch lymphô,Tình trạng viêm của hạch bạch huyết,Thoái hóa mỡ trong hạch bạch huyết,Rối loạn miễn dịch của hệ bạch huyết,b,benh-hach-lympho
Viêm hạch lymphô cấp không đặc hiệu thường gặp nhất ở vị trí nào?,Hạch cổ và hạch nách,Hạch trung thất,Hạch ổ bụng,Hạch chậu,a,benh-hach-lympho
Nguyên nhân thường gặp nhất của viêm hạch lymphô cấp không đặc hiệu là?,Vi khuẩn liên cầu và tụ cầu,Nhiễm nấm,Nhiễm ký sinh trùng,Nhiễm lao,a,benh-hach-lympho
Đặc điểm mô học của viêm hạch lymphô cấp không đặc hiệu?,Trung tâm mầm lớn với thâm nhiễm bạch cầu trung tính,Xơ hóa lan tỏa hạch lymphô,Hoại tử đông đặc trung tâm hạch,Sự tăng sinh quá mức của tế bào mast,a,benh-hach-lympho
Viêm hạch lymphô do nhiễm virus thường có đặc điểm nào?,Chỉ ảnh hưởng một hạch đơn độc,Viêm hạch lymphô toàn thân,Gây hoại tử mỡ hạch lymphô,Không gây ra triệu chứng toàn thân,b,benh-hach-lympho
Viêm hạch lymphô mạn không đặc hiệu thường do nguyên nhân nào?,Vi khuẩn lao và giang mai,Nhiễm virus cúm,Chấn thương cơ học,Nhiễm trùng cấp tính,a,benh-hach-lympho
Đặc điểm của viêm hạch lymphô mạn?,Hạch sưng và đỏ đau,Hạch to kéo dài và ít đau,Hạch nhỏ lại sau vài ngày,Hoại tử nhanh chóng,b,benh-hach-lympho
Hội chứng HLH là gì?,Rối loạn tự miễn làm tiêu hủy hạch lymphô,Kích hoạt quá mức của đại thực bào và tế bào T độc,Quá trình xơ hóa hạch lymphô toàn thân,Sự tăng sinh ác tính của tế bào B,b,benh-hach-lympho
Nguyên nhân phổ biến nhất gây HLH thứ phát là?,Nhiễm virus Epstein-Barr (EBV),Nhiễm khuẩn tụ cầu,Thiếu hụt vitamin B12,Mất nước nặng,a,benh-hach-lympho
Tiêu chuẩn chính trong chẩn đoán HLH là gì?,Tăng ferritin máu,Giảm hồng cầu đơn thuần,Hạch lymphô teo nhỏ,Tăng bạch cầu trung tính,a,benh-hach-lympho
Sinh thiết tủy xương của bệnh nhân HLH cho thấy đặc điểm nào?,Đại thực bào thực bào các tế bào máu,Tăng sinh tế bào plasma,Giảm sản xuất bạch cầu hạt,Hoại tử mô mỡ,a,benh-hach-lympho
Điều trị chính của HLH bao gồm?,Ức chế miễn dịch và chặn cytokine,Dùng kháng sinh phổ rộng,Xạ trị hạch lymphô,Cắt bỏ hạch lymphô,a,benh-hach-lympho
Tân sinh lymphô bao gồm nhóm bệnh nào?,Bệnh bạch cầu và u lymphô và rối loạn tế bào huyết tương,Chỉ bệnh bạch cầu,Chỉ u lymphô,Chỉ rối loạn tế bào huyết tương,a,benh-hach-lympho
Dấu hiệu đặc trưng của u lymphô Hodgkin là?,Tế bào Reed-Sternberg,Hoại tử trung tâm hạch,Sự xâm nhập bạch cầu trung tính,Xơ hóa mạch máu,a,benh-hach-lympho
Dạng u lymphô không Hodgkin phổ biến nhất là?,U lymphô tế bào B lớn lan tỏa (DLBCL),U lymphô Burkitt,U lymphô tế bào T ngoại vi,Bệnh bạch cầu lymphô mạn,a,benh-hach-lympho
Đột biến gen nào liên quan đến bệnh bạch cầu dòng tủy mạn (CML)?,BCR-ABL,TP53,RAS,MYC,a,benh-hach-lympho
U lymphô Burkitt có đặc điểm nào trên tiêu bản mô học?,"Kiểu tăng sinh ""bầu trời đầy sao"" (starry sky pattern)",Hoại tử trung tâm nang lymphô,Xơ hóa lan tỏa,Thâm nhiễm tế bào mast,a,benh-hach-lympho
Chuyển đoạn t(14;18) thường gặp trong loại u lymphô nào?,U lymphô nang (Follicular lymphoma),U lymphô Hodgkin,Bệnh bạch cầu lymphô cấp tính (ALL),U lymphô tế bào T,a,benh-hach-lympho
Yếu tố nguy cơ môi trường gây bệnh bạch cầu tủy cấp tính (AML)?,Phơi nhiễm benzene,Ăn thực phẩm nhiều muối,Thiếu vitamin D,Hút thuốc lá thụ động,a,benh-hach-lympho
Virus Epstein-Barr (EBV) có liên quan đến loại u lymphô nào?,U lymphô Burkitt,Bệnh bạch cầu tủy mạn,U lymphô tế bào NK,U lymphô Hodgkin,a,benh-hach-lympho
Hội chứng thực bào lymphô-histiocyte máu (HLH) có thể dẫn đến biến chứng nào nghiêm trọng nhất?,Suy đa tạng,Viêm hạch lymphô khu trú,Tăng bạch cầu ái toan,Giảm ferritin máu,a,benh-hach-lympho
Trong bệnh bạch cầu lymphô cấp (ALL) và dấu ấn miễn dịch nào là đặc trưng của dòng tế bào B?,CD19,CD3,CD56,CD8,a,benh-hach-lympho
Biểu hiện lâm sàng phổ biến của u lymphô Hodgkin là gì?,Sưng hạch không đau,Sốt kéo dài nhưng không sưng hạch,Tăng bạch cầu trung tính,Xuất huyết tự phát,a,benh-hach-lympho
Dạng u lymphô Hodgkin phổ biến nhất là?,Dạng xơ cục,Dạng tế bào hỗn hợp,Dạng giàu lymphô,Dạng nghèo lymphô,a,benh-hach-lympho
U lymphô không Hodgkin nào có liên quan chặt chẽ với vi khuẩn Helicobacter pylori?,U lymphô MALT dạ dày,U lymphô Burkitt,U lymphô tế bào T ngoại vi,U lymphô tế bào B lớn lan tỏa,a,benh-hach-lympho
Chỉ số nào thường tăng cao trong hội chứng thực bào lymphô-histiocyte máu (HLH)?,Ferritin,Albumin,Canxi,Bạch cầu đa nhân trung tính,a,benh-hach-lympho
Tổn thương mô học điển hình của bệnh bạch cầu dòng tủy mạn (CML) là gì?,Tăng sinh dòng bạch cầu hạt,Thâm nhiễm tế bào plasma,Hoại tử lan tỏa,Tăng sinh mô xơ trong tủy xương,a,benh-hach-lympho
Liệu pháp điều trị nhắm trúng đích trong bệnh bạch cầu dòng tủy mạn (CML) sử dụng thuốc nào?,Imatinib,Methotrexate,Rituximab,Vincristine,a,benh-hach-lympho
Trong u lymphô tế bào B lớn lan tỏa (DLBCL) và xét nghiệm nào giúp phân biệt giữa các phân nhóm tiên lượng?,Xét nghiệm gen MYC và BCL2 và BCL6,Đo hoạt độ men LDH,Soi tủy đồ,Miễn dịch hóa mô CD4 và CD8,a,benh-hach-lympho
Đặc điểm quan trọng giúp phân biệt u lymphô Hodgkin với u lymphô không Hodgkin là gì?,Sự hiện diện của tế bào Reed-Sternberg,Tổn thương lan tỏa ngoài hạch,Sự xâm nhập mô kẽ của tế bào B nhỏ,Mức độ xơ hóa hạch lymphô,a,benh-hach-lympho
Lymphoma là gì?,Bệnh lý ác tính của tế bào lympho,Viêm hạch lymphô mạn tính,Rối loạn miễn dịch nhẹ,Nhiễm trùng hạch bạch huyết,a,benh-hach-lympho
Loại u lymphô nào thường gặp nhất?,U lymphô tế bào B lớn lan tỏa (DLBCL),U lymphô Burkitt,U lymphô tế bào T ngoại vi,U lymphô Hodgkin,a,benh-hach-lympho
Đặc điểm tế bào đặc trưng của u lymphô Hodgkin là gì?,Tế bào Reed-Sternberg,Tế bào Burkitt,Tế bào plasma,Tế bào mast,a,benh-hach-lympho
Trong các phân nhóm u lymphô Hodgkin và loại nào phổ biến nhất?,Loại xơ cục,Loại tế bào hỗn hợp,Loại giàu lympho,Loại nghèo lympho,a,benh-hach-lympho
Trong u lymphô Burkitt và chuyển đoạn nhiễm sắc thể nào thường gặp?,t(8;14) liên quan đến gen MYC,t(14;18) liên quan đến gen BCL2,t(9;22) liên quan đến BCR-ABL,t(11;14) liên quan đến cyclin D1,a,benh-hach-lympho
U lymphô không Hodgkin nào có liên quan mật thiết với virus Epstein-Barr (EBV)?,U lymphô Burkitt,U lymphô tế bào B lớn lan tỏa (DLBCL),U lymphô tế bào T ngoại vi,Bệnh bạch cầu lympho mạn (CLL),a,benh-hach-lympho
Dấu ấn miễn dịch nào phổ biến trong u lymphô tế bào B lớn lan tỏa (DLBCL)?,CD20,CD3,CD56,CD117,a,benh-hach-lympho
"Triệu chứng ""B symptoms"" trong lymphoma bao gồm?",Sốt và đổ mồ hôi đêm và giảm cân không rõ nguyên nhân,Ho dai dẳng và mệt mỏi và phát ban,Đau khớp và gan lách to và phù nề,Tiêu chảy kéo dài và đau bụng và sụt cân,a,benh-hach-lympho
Yếu tố tiên lượng quan trọng nhất trong u lymphô không Hodgkin là?,Chỉ số IPI (International Prognostic Index),Mức độ xâm lấn hạch lymphô,Tình trạng miễn dịch bệnh nhân,Số lượng bạch cầu trung tính,a,benh-hach-lympho
Liệu pháp điều trị tiêu chuẩn cho u lymphô tế bào B lớn lan tỏa (DLBCL) là?,Hóa trị R-CHOP,Xạ trị đơn thuần,Liệu pháp miễn dịch đơn thuần,Phẫu thuật cắt bỏ hạch,a,benh-hach-lympho
Cơ chế chính của phì đại tế bào là gì?,Giảm tổng hợp protein,Tăng phân hủy protein,Gia tăng sản xuất protein và bào quan,Thay thế tế bào chết bằng tế bào mới,c,ton-thuong-te-bao-mo
Tăng sản sinh lý của tuyến vú xảy ra trong tình huống nào?,Dậy thì,Mãn kinh,Hút thuốc lá kéo dài,Thiếu oxy mô,a,ton-thuong-te-bao-mo
Chuyển sản biểu mô trụ thành biểu mô vảy thường gặp trong tình trạng nào?,Hút thuốc lá mạn tính,Tiểu đường,Viêm gan siêu vi,Bệnh gút,a,ton-thuong-te-bao-mo
Teo cơ do bất động lâu dài là do?,Giảm kích thước tế bào,Tăng số lượng tế bào,Hoại tử tế bào,Đột biến gen,a,ton-thuong-te-bao-mo
"Trong số các thay đổi thích nghi của tế bào, thay đổi nào có thể dẫn đến ung thư nếu kéo dài?",Phì đại,Tăng sản,Teo,Chuyển sản,d,ton-thuong-te-bao-mo
Tổn thương tế bào có thể hồi phục xảy ra khi?,Tế bào tiếp tục phân chia không kiểm soát,Tế bào có thể phục hồi sau khi yếu tố gây stress được loại bỏ,Tế bào chết ngay lập tức,Hoại tử tế bào,b,ton-thuong-te-bao-mo
Dấu hiệu sớm nhất của tổn thương tế bào có thể hồi phục là?,Mất nhân tế bào,Tích tụ lipid,Phù tế bào do rối loạn bơm Na+/K+,Hoại tử đông,c,ton-thuong-te-bao-mo
Tích tụ lipid trong tế bào thường gặp nhất ở cơ quan nào?,Phổi,Gan,Thận,Tim,b,ton-thuong-te-bao-mo
Nguyên nhân chính của phù tế bào trong tổn thương có thể hồi phục là?,Rối loạn bơm Na+/K+ ATPase,Hoạt hóa quá mức lysosome,Đột biến ADN,Hoạt hóa quá mức enzym protease,a,ton-thuong-te-bao-mo
Thiếu ATP trong tế bào sẽ ảnh hưởng đến?,Chuyển hóa lipid,Cân bằng ion và nước,Tổng hợp ADN,Sự biệt hóa tế bào,b,ton-thuong-te-bao-mo
Tổn thương không hồi phục dẫn đến?,Teo cơ,Hoại tử hoặc apoptosis,Phì đại,Tăng sản,b,ton-thuong-te-bao-mo
Hoại tử khác apoptosis ở điểm nào?,Hoại tử là quá trình có kiểm soát,Apoptosis luôn gây viêm,Hoại tử gây viêm còn apoptosis thì không,Apoptosis không liên quan đến ty thể,c,ton-thuong-te-bao-mo
Loại hoại tử phổ biến trong nhồi máu cơ tim là?,Hoại tử đông,Hoại tử lỏng,Hoại tử mỡ,Hoại tử hoại thư,a,ton-thuong-te-bao-mo
Apoptosis đóng vai trò quan trọng trong?,Quá trình viêm cấp tính,Phát triển phôi thai,Hình thành hoại tử đông,Sự lan rộng của tế bào ung thư,b,ton-thuong-te-bao-mo
Đặc điểm của apoptosis là?,Gây phản ứng viêm mạnh,Tế bào co lại và hình thành thể apoptotic,Màng tế bào bị phá vỡ ngay lập tức,Xảy ra do tổn thương cấp tính nghiêm trọng,b,ton-thuong-te-bao-mo
Thiếu máu cục bộ gây tổn thương tế bào chủ yếu do?,Giảm sản xuất ATP,Rối loạn tổng hợp ADN,Tăng tổng hợp protein,Giảm hấp thu glucose,a,ton-thuong-te-bao-mo
Tổn thương do tái tưới máu gây ra bởi?,Thiếu oxy kéo dài,Sản xuất quá mức gốc tự do ROS,Giảm phân hủy protein,Hoạt hóa quá mức ty thể,b,ton-thuong-te-bao-mo
Ứng dụng quan trọng của apoptosis trong điều trị ung thư là gì?,Ức chế quá trình apoptosis,Kích thích apoptosis để tiêu diệt tế bào ung thư,Gây hoại tử tế bào ung thư,Ức chế miễn dịch để giảm viêm,b,ton-thuong-te-bao-mo
Quá liều acetaminophen gây tổn thương tế bào theo cơ chế nào?,Gây tổn thương ADN trực tiếp,Tạo ra chất trung gian độc hại làm cạn kiệt glutathione,Hoạt hóa quá mức apoptosis,Làm mất protein màng tế bào,b,ton-thuong-te-bao-mo
"Trong bệnh Alzheimer, apoptosis bất thường có thể dẫn đến?",Tăng sinh tế bào thần kinh,Mất tế bào thần kinh,Giảm sản xuất amyloid-beta,Tăng myelin hóa,b,ton-thuong-te-bao-mo
What is the primary cause of telomere shortening?,Increased ATP production,Repeated cell division,Activation of lysosomes,Overexpression of growth factors,b,ton-thuong-te-bao-mo
Which enzyme maintains telomere length in stem cells?,DNA polymerase,RNA polymerase,Telomerase,Caspase-3,c,ton-thuong-te-bao-mo
Cellular autophagy is primarily triggered by:,DNA mutations,Nutrient depletion,Uncontrolled cell division,Excessive ATP levels,b,ton-thuong-te-bao-mo
What is a key function of autophagy in neurodegenerative diseases?,Promoting apoptosis,Accumulating misfolded proteins,Removing damaged organelles,Increasing glucose uptake,c,ton-thuong-te-bao-mo
Reactive oxygen species (ROS) primarily cause cellular damage by:,Increasing DNA replication,"Oxidizing lipids, proteins, and DNA",Enhancing protein synthesis,Decreasing calcium levels,b,ton-thuong-te-bao-mo
Which antioxidant enzyme neutralizes hydrogen peroxide?,Superoxide dismutase,Catalase,Phospholipase,Kinase,b,ton-thuong-te-bao-mo
"In ischemia-reperfusion injury, which mechanism contributes most to cell damage?",Increased blood flow,Depletion of glucose,Overproduction of ROS,Decreased ATP synthesis,c,ton-thuong-te-bao-mo
A smoker develops squamous metaplasia in the respiratory epithelium. This adaptation is an example of:,Atrophy,Hyperplasia,Metaplasia,Dysplasia,c,ton-thuong-te-bao-mo
A patient with myocardial infarction presents with coagulative necrosis. What is the main reason for this type of necrosis?,Lysosomal enzyme release,Ischemia leading to protein denaturation,Bacterial infection,Autoimmune response,b,ton-thuong-te-bao-mo
"In cancer therapy, drugs that induce apoptosis in cancer cells mainly target which protein?",p53,Actin,Myosin,Hemoglobin,a,ton-thuong-te-bao-mo
Viêm dạ dày cấp thường do nguyên nhân:,Thiếu máu,Tăng huyết áp,"Rượu, NSAIDs, stress nặng",Sỏi mật,c,benh-da-day
Tổn thương mô học đặc trưng trong viêm dạ dày cấp:,Hoại tử bã đậu,Tăng sản tuyến đáy,"Phù nề, sung huyết, thấm nhập bạch cầu trung tính",Tăng mô cơ,c,benh-da-day
Viêm dạ dày mạn type A liên quan đến:,Nhiễm H. pylori,Tự miễn chống tế bào thành dạ dày,Vi rút,Tăng acid,b,benh-da-day
Viêm dạ dày mạn type B phổ biến nhất do:,Stress,Rượu,H. pylori,Tự miễn,c,benh-da-day
Viêm dạ dày mạn có nguy cơ dẫn đến:,Viêm túi mật,Tăng huyết áp,"Dị sản ruột, loạn sản, ung thư dạ dày",Polyp đại tràng,c,benh-da-day
Dấu hiệu mô học của viêm mạn:,Bạch cầu ái toan,Bạch cầu đa nhân trung tính,"Tế bào lympho, tương bào, mất tuyến",U hạt không hoại tử,c,benh-da-day
"Trong viêm dạ dày do H. pylori, vi khuẩn nằm ở:",Trong nhân tế bào,Giữa lớp cơ niêm,"Trên bề mặt niêm mạc, xen giữa chất nhầy",Trong lòng mạch,c,benh-da-day
Một đặc điểm mô học gợi ý viêm dạ dày tự miễn:,Dị sản ruột ở vùng môn vị,Mất tuyến đáy thân vị,Tuyến đáy tăng sinh,Nhiều bạch cầu ái kiềm,b,benh-da-day
Loại tế bào bị phá huỷ trong viêm dạ dày type A:,Tế bào chính,Tế bào G,Tế bào thành,Tế bào ưa bạc,c,benh-da-day
Dị sản ruột là:,Chuyển sản tuyến nhầy sang biểu mô trụ tiết chất nhầy ruột,Tăng sản cơ,Dị sản vảy,Loạn sản mô liên kết,a,benh-da-day
Viêm dạ dày có loét nông thường gặp ở:,Người không triệu chứng,"Người bị stress nặng, sốc, bỏng",Trẻ nhỏ,Bệnh nhân đái tháo đường,b,benh-da-day
Phân biệt viêm cấp và viêm mạn dựa vào:,Loại tế bào viêm xâm nhập,Lượng dịch tiết,Vị trí tổn thương,Dấu hiệu lâm sàng,a,benh-da-day
Hậu quả dài hạn của viêm dạ dày tự miễn là:,U tuyến tuyến Barrett,Thiếu máu ác tính do giảm hấp thu vitamin B12,Tăng tiết acid,Tăng hấp thu sắt,b,benh-da-day
Viêm dạ dày mạn vùng thân vị thường dẫn đến:,Viêm tụy,Dị sản ruột,Hội chứng Zollinger-Ellison,Trào ngược dạ dày,b,benh-da-day
Viêm dạ dày mạn có thể dẫn đến biến đổi nào nguy hiểm?,Viêm ruột thừa,Thoát vị hoành,Carcinôm tuyến dạ dày,Giảm tiết insulin,c,benh-da-day
Loét dạ dày là:,Viêm dạ dày lan tỏa,Mất lớp niêm mạc xuyên qua lớp cơ niêm,Phình giãn lòng dạ dày,Viêm cấp,b,benh-da-day
Nguyên nhân chủ yếu gây loét dạ dày:,Tăng áp lực máu,H. pylori và NSAIDs,Rượu mạnh,Stress cấp,b,benh-da-day
Tổn thương mô học điển hình trong loét:,Loét nông dừng ở biểu mô,Mất cấu trúc niêm mạc + tổ chức hạt + mô xơ + viêm mạn,Dị sản tuyến,U hạt,b,benh-da-day
Vị trí loét dạ dày hay gặp nhất:,Vùng đáy vị,Mặt trước bờ cong nhỏ vùng thân vị gần môn vị,Bờ cong lớn,Vùng tâm vị,b,benh-da-day
Lớp nào bị tổn thương sâu nhất trong loét điển hình:,Lớp niêm mạc,Lớp dưới niêm,Lớp cơ,"Qua cả lớp cơ, tới thanh mạc",d,benh-da-day
Di chứng nguy hiểm nhất của loét dạ dày:,Giảm tiết acid,Thủng dạ dày gây viêm phúc mạc,Nôn nhiều,Hội chứng kém hấp thu,b,benh-da-day
Loét lành có đặc điểm:,Viêm cấp nặng,Biểu mô tăng sinh mạnh,Tái tạo mô và mô sợi tổ chức hóa,Tạo nang,c,benh-da-day
Biến chứng không thuộc loét dạ dày:,Chảy máu,Thủng,Viêm tụy,Hẹp môn vị,c,benh-da-day
Yếu tố góp phần bảo vệ dạ dày:,H. pylori,Mucin,Pepsin,Acid HCl,b,benh-da-day
Mô học của loét dạ dày mạn:,Chứa mủ,Bạch cầu trung tính,Biểu mô lát tầng hóa sừng,"Mô hạt, xơ hóa, thâm nhiễm tế bào viêm mạn",d,benh-da-day
Polyp dạ dày là:,Khối mô ác tính,Sự xâm lấn mô liên kết,Tổn thương dạng u lành phát triển từ niêm mạc dạ dày,Tăng sản tuyến đáy,c,benh-da-day
Loại polyp dạ dày phổ biến nhất:,Polyp tăng sản,Polyp tuyến,Polyp viêm,Polyp cơ,a,benh-da-day
Polyp tuyến có nguy cơ:,Tự thoái triển,Tăng tiết acid,Chuyển dạng ác tính thành carcinôm tuyến,Hoại tử,c,benh-da-day
Yếu tố nguy cơ gây polyp tuyến dạ dày:,Viêm tụy,Loạn sản biểu mô niêm mạc,Rối loạn điện giải,Polyp đại tràng,b,benh-da-day
Polyp tăng sản thường liên quan đến:,Viêm dạ dày mạn tính,Thiếu máu ác tính,Stress cấp,Tăng tiết gastrin,a,benh-da-day
"Về mô học, polyp tăng sản có đặc điểm:","Tuyến đồng đều, xếp đều","Tuyến giãn, lượn sóng, không loạn sản",Tế bào dị dạng,Lớp cơ tăng sản,b,benh-da-day
Polyp tuyến thường được chia thành:,2 loại,3 loại,4 loại,Không phân loại,b,benh-da-day
Polyp tuyến dạ dày có thể đi kèm:,Nhiễm nấm,Hội chứng polyp toàn bộ đường tiêu hóa (FAP),Thiếu máu,Viêm mủ,b,benh-da-day
Hội chứng FAP thường gây:,Polyp cơ,Polyp lành tính không biến chứng,Polyp tuyến dạ dày và nguy cơ ung thư cao,Viêm loét đại tràng,c,benh-da-day
Biến chứng thường gặp của polyp dạ dày:,Viêm tụy,Tắc ruột,"Chảy máu, loét, chuyển dạng ác tính",Tăng hấp thu,c,benh-da-day
Polyp viêm thường liên quan đến:,Viêm gan,Viêm niêm mạc dạ dày kéo dài,Xơ gan,Lao phổi,b,benh-da-day
Mô học polyp viêm cho thấy:,Tuyến dạng tuyến,"Thấm nhập bạch cầu đa nhân, mô sợi, mao mạch tăng sinh",Dị sản vảy,Hoại tử đông,b,benh-da-day
Polyp dạ dày có kích thước nhỏ thường:,Di căn xa,Tự thoái lui hoặc ổn định,Tạo ổ áp xe,Gây thủng dạ dày,b,benh-da-day
Đặc điểm giúp phân biệt polyp lành – ác:,Màu sắc,Loại tuyến,Loạn sản tế bào và phân bào bất thường,Vị trí,c,benh-da-day
Xử trí polyp dạ dày nghi ngờ ác tính:,Theo dõi mỗi 5 năm,Uống kháng sinh,Cắt bỏ nội soi để làm giải phẫu bệnh,Điều trị nội khoa,c,benh-da-day
Loại ung thư dạ dày phổ biến nhất:,Sarcoma,Ung thư biểu mô tuyến (adenocarcinoma),Ung thư tế bào gai,U lympho,b,benh-da-day
Vị trí ung thư dạ dày thường gặp:,Bờ cong lớn vùng tâm vị,Bờ cong nhỏ vùng thân vị hoặc hang vị,Dưới môn vị,Thực quản,b,benh-da-day
Yếu tố nguy cơ chính gây ung thư dạ dày:,Hút thuốc lá,Nhiễm H. pylori mạn tính,Uống sữa nhiều,Thiếu vitamin,b,benh-da-day
Loại ung thư dạ dày có liên quan đến viêm teo và dị sản ruột:,Carcinôm tuyến dạng ruột,Carcinôm tế bào vảy,Lymphoma,Sarcoma,a,benh-da-day
Dạng mô học của carcinôm tuyến dạng lan tỏa:,Tế bào kết dính mạnh,Tế bào hình nhẫn (signet ring cells),Tế bào gai,Tế bào nốt vôi,b,benh-da-day
Tế bào hình nhẫn có đặc điểm:,"Nhân ở giữa, bào tương ít","Nhân lệch về một phía, bào tương chứa nhầy",Nhân đa thùy,Nhân tăng sắc và lớn,b,benh-da-day
Ung thư dạ dày lan tỏa thường xảy ra:,"Người già, nam giới","Người trẻ tuổi, không có viêm mạn rõ ràng",Trẻ em,Người có bệnh tự miễn,b,benh-da-day
Ung thư dạ dày dạng ruột tiến triển theo:,Giai đoạn tuyến tính rõ rệt (in situ → xâm nhập),Tăng sinh cơ học,Ung thư mạch máu,Không phân biệt được,a,benh-da-day
Đặc điểm mô học của carcinôm tuyến dạ dày:,"Cấu trúc dạng tuyến, dị sản, loạn sản, xâm nhập mô đệm",Tăng sinh cơ trơn,Dị sản vảy,Hoại tử lan tỏa,a,benh-da-day
Ung thư dạ dày giai đoạn muộn thường xâm nhập:,Lớp thanh mạc và lan theo mạch máu- bạch huyết,Chỉ lớp niêm mạc,Lớp dưới niêm,Lớp cơ niêm,a,benh-da-day
Biến chứng thường gặp của ung thư dạ dày:,Tăng tiết gastrin,"Hẹp môn vị, thủng, xuất huyết",Trào ngược dạ dày thực quản,Loét,b,benh-da-day
Chẩn đoán xác định ung thư dạ dày dựa trên:,Hình ảnh X-quang,Siêu âm,Nội soi và sinh thiết giải phẫu bệnh,Xét nghiệm máu,c,benh-da-day
Ung thư dạ dày lan rộng có thể di căn đến:,"Gan, hạch quanh dạ dày, buồng trứng",Ruột non,Lách,Thận,a,benh-da-day
Hội chứng Virchow liên quan đến:,Hạch thượng đòn trái di căn từ ung thư dạ dày,Hạch bẹn,Lách to,Vàng da,a,benh-da-day
Loại ung thư dạ dày có tiên lượng xấu nhất:,Carcinôm tuyến dạng ruột,Carcinôm tuyến dạng lan tỏa,Lymphoma,Polyp ác tính,b,benh-da-day