"câu hỏi","đáp án a","đáp án b","đáp án c","đáp án d","đáp án đúng"
"Bệnh nhân và nha sĩ được ghi nhận làm việc ở tư thế đứng vào thời điểm lịch sử nào?","Đầu thế kỷ 16","Đầu những năm 1960","Thế kỷ 19","Đầu thế kỷ 20","a"
"Khái niệm làm việc theo nhóm 'Four-handed dentistry' bắt đầu được áp dụng rộng rãi từ thời gian nào?","Những năm 1930","Năm 1947","Những năm 1960","Đầu thế kỷ 21","c"
"Theo nguyên tắc ngồi thăng bằng, đầu của nha sĩ có thể di chuyển trong khoảng bao nhiêu độ để tránh tổn thương?","0 - 10 độ","0 - 15 độ","0 - 20 độ","0 - 25 độ","b"
"Để đảm bảo thị giác và tư thế tốt nhất, khoảng cách từ vùng làm việc đến mắt nha sĩ nên là bao nhiêu?","25 – 30 cm","30 – 35 cm","40 – 45 cm","35 – 40 cm","d"
"Trong tư thế ngồi đúng, thông số góc gập lý tưởng giữa hông và đùi là bao nhiêu độ?","90 độ","110 độ","120 độ","80 độ","a"
"Để bảo vệ hệ cơ-xương-khớp, phần đùi trên và dưới của nha sĩ khi ngồi nên tạo một góc như thế nào?","90 độ","110 độ hoặc ít hơn","120 độ hoặc hơn","70 độ","b"
"Trên sơ đồ đồng hồ, vùng nào được xác định là vùng hoạt động chính của nha sĩ?","Vùng 2 - 4g","Vùng 4 - 7g","Vùng 7 - 12g","Vùng 12 - 2g","c"
"Trong quy trình phối hợp, vùng trao đổi dụng cụ giữa nha sĩ và trợ thủ nằm ở vị trí nào?","Vùng 4 - 7g","Vùng 2 - 4g","Vùng 7 - 12g","Vùng 1 - 2g","a"
"Một nha sĩ thuận tay phải muốn tiếp cận gần nhất với dụng cụ mà không đưa ngang mặt bệnh nhân nên ngồi ở tư thế nào?","Tư thế 8g","Tư thế 9g","Tư thế 10g","Tư thế 11g","d"
"Trong quá trình điều trị, khuỷu tay của nha sĩ được khuyến cáo không nên di chuyển khỏi thân một góc quá bao nhiêu?","15 độ","20 độ","25 độ","30 độ","b"
"Hệ thống máy điện tốc độ thường trong nha khoa sử dụng mô tơ có vận tốc hoạt động là bao nhiêu?","5.000 - 10.000 vòng/phút","20.000 - 25.000 vòng/phút","10.000 - 15.000 vòng/phút","Trên 100.000 vòng/phút","c"
"Máy điện tốc độ cao (máy siêu tốc) yêu cầu áp lực khí nén từ hệ thống là bao nhiêu?","6-8 kg lực","2-4 kg lực","4-6 kg lực","8-10 kg lực","a"
"Khi phẫu thuật viên cần thực hiện các đường cắt ở vị trí giải phẫu sâu, lưỡi dao số 15 nên được lắp vào cán dao nào?","Cán dao số 3","Cán dao số 7","Cán dao số 4","Cán dao số 10","b"
"Để thực hiện một vết rạch niêm mạc dài và liên tục, loại lưỡi dao nào sau đây là lựa chọn phổ biến nhất?","Lưỡi số 11","Lưỡi số 12","Lưỡi số 15","Lưỡi số 10","d"
"Trong trường hợp cần thực hiện các vết rạch rất nhỏ và tinh tế, lưỡi dao nào được ưu tiên sử dụng?","Lưỡi số 10","Lưỡi số 11","Lưỡi số 15","Lưỡi số 22","c"
"Khi cần cắt các cấu trúc mô dày chắc như cân, cơ hoặc cắt chỉ phẫu thuật, nha sĩ nên chọn loại kéo nào?","Kéo Mayo","Kéo Metzenbaum","Kéo Iris nhọn","Kéo thắt mạch","a"
"Trong thao tác bóc tách và cắt các cấu trúc mô mỏng mảnh như thanh mạc, loại kéo nào là phù hợp nhất?","Kéo Mayo","Kéo cắt chỉ thép","Kéo cắt lợi","Kéo Metzenbaum","d"
"Để xử lý tình trạng chảy máu từ vùng xương xốp trong phẫu thuật, phương pháp nào thường được áp dụng hiệu quả?","Dùng máy đốt điện","Sáp xương (bone wax)","Xịt nước áp lực cao","Kẹp mạch máu đầu cong","b"
"Mũi khoan phẫu thuật chuyên dụng để cắt và điều chỉnh xương ổ răng thường có đường kính bao nhiêu?","2mm","1mm","3mm","4mm","a"
"Trong kỹ thuật cố định răng lung lay do chấn thương, kích thước dây thép thông dụng nhất là bao nhiêu?","0,1 - 0,2 mm","0,5 - 1,0 mm","0,25 - 0,5 mm","1,0 - 1,5 mm","c"
"Máy cạo vôi điện từ (Magnetostrictive) hoạt động dựa trên cơ chế vật lý nào?","Sử dụng thanh thạch anh","Sử dụng tia laser","Hơi nén quay tuabin","Áp xung điện từ trên các lá kim loại mỏng","d"
"Tần số rung của máy cạo vôi siêu âm trong nha khoa thường được thiết lập trong khoảng nào để đảm bảo hiệu quả và sự dễ chịu?","10-15 KHz","18-32 KHz","40-50 KHz","Trên 60 KHz","b"
"Trong cơ chế làm sạch của máy siêu âm, hiện tượng 'lỗ hổng' (cavitation) đóng vai trò chính là gì?","Rửa sạch các mảnh vụn cao răng vừa bị đánh bong","Đánh trực tiếp vào khối cao răng cứng","Làm nóng đầu tác dụng để diệt khuẩn","Mài mòn bề mặt men răng","a"
"Ưu điểm vượt trội của máy siêu âm thạch anh (Piezoelectric) so với máy điện từ là gì?","Giá thành thấp hơn","Rung theo hình elip","Nhiệt lượng phát ra ít hơn","Dễ sửa chữa búp sen hơn","c"
"Máy cạo vôi P5 (Satelec) yêu cầu áp lực nước vận hành trong khoảng thông số nào?","5 - 10 PSI","14,5 - 20 PSI","80 - 100 PSI","14,5 - 73 PSI","d"
"Thao tác kỹ thuật đúng khi lắp đầu tác dụng vào tay cầm của máy cạo vôi P5 là gì?","Vặn ngược chiều kim đồng hồ","Vặn theo chiều kim đồng hồ vừa đủ chặt","Ấn mạnh theo trục dọc","Xoay trái 2 vòng rồi ấn","b"
"Hệ thống Micromotor nha khoa được thiết kế chủ yếu cho mục đích thực hành nào trong Labo?","Mài chỉnh và đánh bóng các phục hình","Nhổ răng khôn ngầm","Cạo vôi răng dưới nướu","Chụp phim quanh chóp","a"
"Nguyên lý vận hành cốt lõi của hệ thống Micromotor dựa trên sự tương tác của yếu tố nào?","Thủy lực và khí nén","Năng lượng cơ học dây trân","Điện và Từ trường","Sóng siêu âm cao tần","c"
"Bộ phận 'Búp sen' (collet) trong cấu tạo tay khoan Micromotor thực hiện chức năng gì?","Làm mát mũi mài bằng nước","Tạo momen quay cho rotor","Điều chỉnh tốc độ vòng quay","Giữ mũi mài ở đầu tay khoan","d"
"Trên bảng điều khiển K-Control, tốc độ quay ngược (reverse) tối đa của tay khoan được giới hạn ở mức nào?","5.000 vòng/phút","1.000 vòng/phút","10.000 vòng/phút","25.000 vòng/phút","a"
"Để kích hoạt chế độ làm việc với tốc độ tối đa vượt ngưỡng 30.000 vòng/phút trên máy K-Control, người dùng phải làm gì?","Vặn núm điều chỉnh hết cỡ","Bấm vào nút ký hiệu '>30'","Nhấn giữ bàn đạp 5 giây","Bật công tắc đảo chiều","b"
"Nha sĩ được khuyến cáo không nên sử dụng hệ thống Micromotor vượt quá tốc độ nào để đảm bảo an toàn thiết bị?","15.000 R.P.M","35.000 R.P.M","25.000 R.P.M","45.000 R.P.M","c"
"Quy trình bảo trì định kỳ hệ thống Micromotor bởi kỹ thuật viên nên được thực hiện với tần suất nào?","Mỗi tháng","Mỗi 6 tháng","Mỗi năm","Mỗi 3 tháng","d"
"Khi thực hiện vệ sinh máy Micromotor, hành động nào sau đây là ĐÚNG theo hướng dẫn bảo quản?","Sử dụng khăn khô và dụng cụ theo máy","Xịt hơi trực tiếp vào tay khoan để làm sạch","Sử dụng dung dịch tẩy rửa mạnh","Rửa tay khoan dưới vòi nước chảy","a"
"Máy cạo cao bằng hơi nén (Air driven scalers) tạo ra sự rung động thông qua bộ phận nào?","Thanh thạch anh thạch anh","Đũa kim loại rung nhờ hơi nén","Chuỗi hợp kim sắt từ tính","Mô tơ điện siêu nhỏ","b"
"Cấu tạo của Âm cực (Cathode) trong bóng đèn X-quang bao gồm các thành phần chính nào?","Bia ngắm tungsten và lõi đồng","Màng lọc nhôm và vỏ thủy tinh","Dây tóc tungsten và ly tập trung molybdenum","Cánh tay phụ và đầu định hướng","c"
"Lý do quan trọng nhất khiến Tungsten được chọn làm vật liệu làm dây tóc âm cực là gì?","Giá thành sản xuất thấp","Khả năng giải nhiệt bằng đồng nhanh","Số nguyên tử thấp dễ bức xạ","Điểm nóng chảy rất cao (3370 độ C)","d"
"Thành phần nào trong bóng đèn X-quang có chức năng tập trung đám mây điện tử hướng chính xác về dương cực?","Ly tập trung molybdenum","Dây tóc tungsten","Lõi đồng giải nhiệt","Bia ngắm (target)","a"
"Để giải tỏa lượng nhiệt khổng lồ phát sinh tại bia ngắm của Dương cực (Anode), bộ phận nào được sử dụng?","Ly tập trung","Lõi đồng","Màng lọc nhôm","Vỏ thủy tinh chân không","b"
"Bia ngắm (target) - nơi biến đổi động năng điện tử thành tia X - được làm từ vật liệu gì?","Đồng nguyên chất","Molybdenum","Chì dát mỏng","Tungsten","d"
"Trong thiết kế bóng đèn X-quang nha khoa, bia ngắm thường đặt nghiêng một góc bao nhiêu độ so với âm cực?","15-20 độ","5-10 độ","30-45 độ","90 độ","a"
"Loại tiêu điểm nào được ứng dụng trực tiếp để tạo ra hình ảnh rõ nét trong chụp phim X-quang chẩn đoán?","Tiêu điểm thật sự","Tiêu điểm ảo","Tiêu điểm hiệu quả (effective)","Tiêu điểm nhiệt","c"
"Kỹ thuật chụp phim theo đường phân giác (BAT) lần đầu tiên được Cyeszynski áp dụng vào năm nào?","1895","1907","1947","1960","b"
"Theo nguyên lý kỹ thuật BAT, chùm tia chính (CR) phải được hướng như thế nào để hình ảnh không bị biến dạng?","Thẳng góc với trục răng","Thẳng góc với mặt phẳng phim","Song song với đường phân giác","Thẳng góc với đường phân giác của góc răng-phim","d"
"Trong kỹ thuật BAT, nếu tia chính thẳng góc với trục răng thay vì đường phân giác, hiện tượng gì sẽ xảy ra?","Hình ảnh bị kéo dài","Hình ảnh bị thu ngắn","Hình ảnh bị chồng lấp mặt bên","Hình ảnh bị mờ nét","a"
"Khi thực hiện chụp vùng răng nanh hàm trên theo kỹ thuật BAT, góc độ đứng (Vertical Angulation) chuẩn là bao nhiêu?","+20 độ","+30 độ","+45 độ","-20 độ","c"
"Mặt phẳng Camper (nối gờ bình tai đến cánh mũi) được sử dụng để định vị tư thế bệnh nhân khi chụp vùng hàm nào?","Hàm trên","Hàm dưới","Cả hai hàm","Chụp phim cắn cánh","b"
"Tại sao kỹ thuật chụp song song được đánh giá là cho hình ảnh trung thực hơn kỹ thuật phân giác?","Sử dụng đầu cone ngắn hơn","Giảm tối đa sự méo lệch và mờ nét của ảnh","Khoảng cách vật-phim là ngắn nhất","Không cần dùng dụng cụ giữ phim chuyên biệt","d"
"Trong trường hợp phòng chụp không có tấm chắn chì, nha sĩ phải đứng cách bệnh nhân tối thiểu bao nhiêu để an toàn?","6 bộ (khoảng 1.8m)","2 bộ (khoảng 0.6m)","4 bộ (khoảng 1.2m)","10 bộ (khoảng 3m)","a"
"Biện pháp kỹ thuật nào hiệu quả nhất để giảm thiểu cường độ phóng xạ cho bệnh nhân bằng cách rút ngắn thời gian phát tia?","Tăng khoảng cách nguồn-vật","Dùng gương nha khoa Fluorescent","Sử dụng phim tốc độ cao (siêu tốc)","Sử dụng áo chì cho nha sĩ","c"
"Khi thực hiện mài khô 0,5mm ngà răng bằng mũi khoan siêu tốc, mức nhiệt độ phát sinh tại chỗ có thể đạt tới bao nhiêu?","60 độ C","118 độ C","100 độ C","150 độ C","b"
"Hậu quả sinh học nghiêm trọng nhất khi nhiệt độ tại tủy răng tăng thêm 10 độ C là gì?","Tủy bị kích thích nhẹ","Răng bị đổi màu","Men răng bị nứt cực nhỏ","60% trường hợp tủy bị hoại tử","d"
"Lưu lượng nước phun sương cần thiết để vừa làm mát vừa rửa sạch mảnh vụn mô răng khi mài là bao nhiêu?","7-21 ml/phút","1-5 ml/phút","30-50 ml/phút","50-100 ml/phút","a"
"Áp lực nước phun sương lý tưởng để đạt hiệu quả tối ưu trong quá trình mài răng nên nằm trong khoảng nào?","10g - 50g","200g - 300g","50g - 150g","500g","c"
"Cấu tạo giải phẫu của một mũi khoan nha khoa tiêu chuẩn bao gồm các phần nào?","Mũi, cổ, búp sen","Phần đầu, phần cổ và phần thân","Đầu, thân, đuôi","Lưỡi cắt và cán gài","b"
"Mũi khoan chuyên dụng cho tay khoan siêu tốc có đặc điểm đường kính phần thân là bao nhiêu?","2mm","1.5mm","0.8mm","1.2mm","d"
"Để thực hiện các thao tác mở rộng lỗ sâu và loại bỏ ngà mềm, loại hình dạng mũi khoan nào thường được chỉ định?","Mũi tròn","Mũi trụ đầu bằng","Mũi bánh xe","Mũi ngọn lửa","a"
"Cơ chế cắt mô răng của mũi khoan Tungsten dựa trên đặc điểm cấu tạo nào của phần đầu?","Lớp bột mài thô","Các hạt kim cương nhân tạo","Những lưỡi cắt nhỏ","Áp lực nước phun sương","c"
"So với mũi khoan thép không rỉ, mũi khoan kim cương có khả năng mài mô răng nhanh hơn khoảng bao nhiêu lần?","1,5 lần","2 đến 3 lần","5 lần","10 lần","b"
"Khi cần làm phẳng đáy xoang trám và tạo các đường góc sắc nét, nha sĩ nên sử dụng loại mũi khoan nào?","Mũi tròn hoặc bầu dục","Mũi quả trám","Mũi nón cụt hoặc trụ đầu bằng","Mũi ngọn lửa","d"
